Rk,Player,Pos,Age,Tm,G,MP,PER?,TS%,3PAr,FTr,ORB%,DRB%,TRB%,AST%,STL%,BLK%,TOV%,USG%,OWS,DWS,WS,WS/48,OBPM,DBPM,BPM,VORP,Salary,Cost/Minute,Cost/PER,Cost/USG
1,Thanasis Antetokounmpo\antetth01,SF,23,NYK,2,6,32.9,0.75,0.25,0,0,17.9,9.1,0,0,0,0,30.2,0,0,0,0.291,6.3,-10.5,-4.1,0,#N/A,#N/A,#N/A,#N/A
2,Rakeem Christmas\chrisra01,PF,24,IND,1,6,32,1,0,0,18.3,0,9.1,0,0,0,0,14.7,0,0,0,0.343,9.7,-6.6,3.2,0,1052342,175390.3333,32885.6875,71587.89116
3,Stephen Curry\curryst01,PG,27,GSW,79,2700,31.5,0.669,0.554,0.25,2.9,13.6,8.6,33.7,3,0.4,12.9,32.6,13.8,4.1,17.9,0.318,12.4,0.1,12.5,9.8,12112359,4486.058889,384519.3333,371544.7546
4,Kevin Durant\duranke01,SF,27,OKC,72,2578,28.2,0.634,0.348,0.361,2,21.8,12.4,24.2,1.3,2.5,13.5,30.6,11,3.5,14.5,0.27,7,0.9,7.9,6.4,26540100,10294.84096,941138.2979,867323.5294
5,Boban Marjanovic\marjabo01,C,27,SAS,54,508,27.7,0.662,0,0.655,16.9,26.2,21.7,6.6,1.2,3.5,11.5,22.8,2.3,1.2,3.4,0.325,2.7,0.9,3.6,0.7,7000000,13779.52756,252707.5812,307017.5439
6,Russell Westbrook\westbru01,PG,27,OKC,80,2750,27.6,0.554,0.236,0.397,6.1,18.1,12.4,49.6,2.9,0.6,16.8,31.6,10,4,14,0.245,7.6,2.4,10,8.3,26540100,9650.945455,961597.8261,839876.5823
7,LeBron James\jamesle01,SF,31,CLE,76,2709,27.5,0.588,0.199,0.347,4.7,18.8,11.8,36,2,1.5,13.2,31.4,9.6,4,13.6,0.242,6.9,2.3,9.1,7.6,30963450,11429.84496,1125943.636,986097.1338
8,Chris Paul\paulch01,PG,30,LAC,74,2420,26.2,0.575,0.295,0.294,1.8,12,7,52.7,3.1,0.4,13.4,27.1,9.2,3.5,12.7,0.253,7.3,0.5,7.8,6,22868828,9449.928926,872856.0305,843868.1919
9,Kawhi Leonard\leonaka01,SF,24,SAS,72,2380,26,0.616,0.267,0.306,4.7,18.4,11.8,13,2.8,2.3,7.8,25.8,8.3,5.5,13.7,0.277,5.5,2.8,8.3,6.2,17638063,7410.95084,678387.0385,683645.8527
10,Hassan Whiteside\whiteha01,C,26,MIA,73,2125,25.7,0.629,0,0.482,13.1,32.4,23.1,2.4,1.1,9.7,14.2,20.7,5,5.3,10.3,0.233,-0.9,3.4,2.5,2.4,22116750,10407.88235,860573.93,1068442.029
11,James Harden\hardeja01,SG,26,HOU,82,3125,25.3,0.598,0.406,0.518,2.2,15.6,8.8,35.4,2.2,1.4,15.9,32.5,10.7,2.6,13.3,0.204,7.1,-0.4,6.7,6.9,26540100,8492.832,1049015.81,816618.4615
12,Anthony Davis\davisan02,PF,22,NOP,61,2164,25,0.559,0.095,0.379,6.4,26.4,16.1,10,1.8,4.7,8.4,29.6,4.4,2.8,7.2,0.16,1,1.2,2.2,2.3,22116750,10220.30961,884670,747187.5
13,Enes Kanter\kanteen01,C,23,OKC,82,1721,24,0.626,0.029,0.349,16.7,24.9,21,3.1,0.7,1.5,12.2,23.4,6,2.1,8.1,0.226,1.3,-3.1,-1.7,0.1,17145838,9962.718187,714409.9167,732728.1197
14,Coty Clarke\clarkco01,SF,23,BOS,3,6,23.9,0.75,0.5,0,0,18,8.8,0,0,0,20,35.5,0,0,0,0.025,0.2,-9.7,-9.5,0,#N/A,#N/A,#N/A,#N/A
15,DeMarcus Cousins\couside01,C,25,SAC,65,2246,23.6,0.538,0.158,0.498,7.7,28.2,18,17,2.2,3.3,13.3,35.4,2.4,3.3,5.7,0.122,1,1.6,2.6,2.6,16957900,7550.267142,718555.0847,479036.7232
16,Jonas Valanciunas\valanjo01,C,23,TOR,60,1557,22.6,0.61,0,0.397,13.8,26.3,20.1,4.8,0.8,4.2,11.9,20.9,4.5,2.4,6.9,0.211,0.7,0.4,1.1,1.2,14382022,9237.008349,636372.6549,688135.0239
17,Michael Beasley\beaslmi01,SF,27,HOU,20,363,22.5,0.563,0.044,0.239,8.8,21.1,14.9,9.1,1.5,2.1,9.6,29.7,0.6,0.3,1,0.128,-0.8,-2.5,-3.4,-0.1,1403611,3866.69697,62382.71111,47259.62963
18,Karl-Anthony Towns\townska01,C,20,MIN,82,2627,22.5,0.59,0.076,0.239,10.2,27.5,19,11.3,1.1,4.3,12.6,24.9,5.4,2.8,8.3,0.151,1.6,1.2,2.8,3.1,5960160,2268.808527,264896,239363.8554
19,LaMarcus Aldridge\aldrila01,PF,30,SAS,74,2261,22.4,0.565,0.015,0.289,9.2,22.2,15.9,8.1,0.9,2.8,7.8,25.9,5.6,4.5,10.1,0.215,0.7,1.1,1.8,2.2,20575005,9099.957983,918527.0089,794401.7375
20,Carl Landry\landrca01,PF,32,PHI,36,569,22.4,0.605,0.052,0.364,9.1,19.2,14,11.1,1,1.2,7.1,24,1.8,0.3,2.1,0.176,1.5,-2.3,-0.7,0.2,6500000,11423.55009,290178.5714,270833.3333
21,Damian Lillard\lillada01,PG,25,POR,75,2676,22.2,0.56,0.414,0.315,1.8,10.4,6.1,33.6,1.2,0.8,12.6,31.3,7.7,1.4,9.2,0.165,5.9,-2.2,3.7,3.8,24328425,9091.339686,1095875,777265.9744
22,Kyle Lowry\lowryky01,PG,29,TOR,77,2851,22.2,0.578,0.457,0.41,2.2,12.3,7.3,29.9,2.9,1,13.7,26.1,8,3.7,11.6,0.196,6.2,0.6,6.8,6.3,12000000,4209.049456,540540.5405,459770.1149
23,Blake Griffin\griffbl01,PF,26,LAC,35,1170,22.1,0.544,0.03,0.322,4.8,22.3,13.7,27.2,1.2,1.1,10.8,29.8,2.2,1.6,3.8,0.156,1.7,1.6,3.3,1.6,20140838,17214.39145,911350.1357,675867.047
24,Greg Monroe\monrogr01,C,25,MIL,79,2314,21.8,0.562,0.001,0.327,10.9,23.4,17.2,13.2,1.6,2.5,10.7,23.5,5,2.4,7.5,0.155,1.3,0.2,1.5,2.1,17100000,7389.80121,784403.6697,727659.5745
25,Pau Gasol\gasolpa01,C,35,CHI,72,2291,21.7,0.529,0.069,0.29,7.3,28.7,18.2,21.7,0.9,4.7,12.8,24.6,3.2,3.9,7.1,0.149,0.5,3.5,4,3.5,15500000,6765.60454,714285.7143,630081.3008
26,Brook Lopez\lopezbr01,C,27,BRK,73,2457,21.7,0.562,0.012,0.348,9.2,17.2,13.1,10.8,1.2,4.1,11.6,27.3,4.5,1.7,6.2,0.121,1.1,0.2,1.3,2.1,21165675,8614.438339,975376.7281,775299.4505
27,Derrick Favors\favorde01,PF,24,UTA,62,1983,21.6,0.551,0.005,0.313,10,19.6,14.8,8.9,2,3.9,10.1,23.9,3.8,3.4,7.1,0.173,0.4,2.3,2.7,2.3,11050000,5572.365103,511574.0741,462343.0962
28,DeMar DeRozan\derozde01,SG,26,TOR,78,2804,21.5,0.55,0.101,0.474,2.7,11.5,7.1,20.8,1.5,0.6,9.5,29.8,7.5,2.4,9.9,0.169,2.7,-1.2,1.4,2.4,26540100,9465.085592,1234423.256,890607.3826
29,Nikola Jokic\jokicni01,C,20,DEN,80,1733,21.5,0.582,0.14,0.317,11.4,24.7,17.9,18.1,2.3,2.3,13.2,19.9,4.5,2.2,6.7,0.185,2.6,2.2,4.8,3,1358500,783.9007501,63186.04651,68266.33166
30,Isaiah Thomas\thomais02,PG,26,BOS,82,2644,21.5,0.562,0.336,0.394,1.8,8,4.9,32.7,1.7,0.3,11.9,29.6,7.2,2.5,9.7,0.177,5,-2,3,3.3,6587132,2491.350983,306378.2326,222538.2432
31,Cole Aldrich\aldrico01,C,27,LAC,60,800,21.3,0.626,0,0.373,11.9,27.1,19.6,10,2.9,6.7,19.6,18.4,1.4,2,3.5,0.209,-1,5.8,4.8,1.4,7643979,9554.97375,358872.2535,415433.6413
32,Jimmy Butler\butleji01,SG,26,CHI,67,2474,21.3,0.562,0.198,0.459,3.4,11.6,7.6,21.4,2.2,1.3,9.6,24.4,6.5,2.7,9.1,0.177,3.6,0.3,4,3.7,17552209,7094.668149,824047.3709,719352.8279
33,Paul Millsap\millspa01,PF,30,ATL,81,2647,21.3,0.556,0.218,0.383,8.4,21.5,15.1,16.4,2.7,4.1,13.3,24.3,4.1,6,10.1,0.183,1.1,4.2,5.3,4.9,20072033,7582.936532,942348.9671,826009.5885
34,Andre Drummond\drumman01,C,22,DET,81,2666,21.2,0.499,0.006,0.553,15.6,34.2,24.5,4.4,2.3,3.2,10.5,24.1,2,5.5,7.4,0.133,-2.1,1.6,-0.5,1,22116750,8295.855214,1043242.925,917707.4689
35,Nikola Vucevic\vucevni01,C,25,ORL,65,2037,21.1,0.531,0.009,0.143,9.3,22.2,15.7,15.9,1.3,2.8,10,26.8,2.8,2.4,5.2,0.122,0.7,1.1,1.8,2,11750000,5768.286696,556872.0379,438432.8358
36,Alan Williams\willial03,PF,23,PHO,10,68,21.1,0.481,0,0.583,21.9,39.2,30.3,11.7,2.9,6,16.6,22.6,0.1,0.2,0.2,0.146,-2.5,4,1.5,0.1,874636,12862.29412,41451.94313,38700.70796
37,Kenneth Faried\farieke01,PF,26,DEN,67,1694,21,0.577,0.003,0.355,15.1,23,19,8.1,0.9,2.9,11.2,21,4,1.5,5.5,0.156,1,-0.1,0.9,1.2,12078652,7130.255018,575173.9048,575173.9048
38,Paul George\georgpa01,SF,25,IND,81,2819,20.9,0.557,0.391,0.364,3.1,18.7,10.9,20.3,2.7,0.8,13.6,30.4,4.4,4.8,9.2,0.157,3.5,1,4.5,4.6,18314532,6496.81873,876293.3971,602451.7105
39,Kemba Walker\walkeke02,PG,25,CHO,81,2885,20.8,0.554,0.368,0.329,2.1,11.5,6.8,25.7,2.2,1.1,10.1,26.5,6.3,3.6,9.9,0.165,4,0,4,4.4,12000000,4159.445407,576923.0769,452830.1887
40,DeAndre Jordan\jordade01,C,27,LAC,77,2598,20.6,0.628,0.002,1.219,11.4,32.7,22.2,5.3,1,5.4,12.1,15.4,6,5.5,11.5,0.213,-0.4,3.8,3.4,3.5,21165675,8146.911085,1027459.951,1374394.481
41,Carmelo Anthony\anthoca01,SF,31,NYK,72,2530,20.3,0.53,0.237,0.308,4.3,19.5,12,21.9,1.3,1.1,10.6,29.7,3.9,2.5,6.4,0.121,2.8,-0.2,2.6,2.9,24559380,9707.264822,1209821.675,826915.1515
42,Dwyane Wade\wadedw01,SG,34,MIA,74,2258,20.3,0.517,0.037,0.343,4.3,10.7,7.6,27.4,1.8,1.4,13,31.6,2.4,2.6,4.9,0.105,0.9,-0.1,0.8,1.6,23200000,10274.57927,1142857.143,734177.2152
43,Chris Bosh\boshch01,PF,31,MIA,53,1778,20.2,0.571,0.289,0.349,3.2,21.1,12.4,12.1,1,1.5,8.1,24.7,4.1,2.3,6.4,0.172,2.3,-0.3,2.1,1.8,23741060,13352.67717,1175300,961176.5182
44,Eric Bledsoe\bledser01,PG,26,PHO,31,1059,20,0.557,0.262,0.35,1.8,11.2,6.4,31.8,2.9,1.5,16.2,27.2,1.6,1,2.5,0.116,2.7,0.1,2.8,1.3,14000000,13220.01889,700000,514705.8824
45,Jarnell Stokes\stokeja01,C,22,TOT,7,18,20,0.595,0,0.4,6.1,18.8,12.6,9.6,2.8,0,0,14.9,0.1,0,0.1,0.209,-0.1,-1,-1,0,980431,54468.38889,49021.55,65800.73826
46,Kyrie Irving\irvinky01,PG,23,CLE,53,1667,19.9,0.54,0.298,0.217,3,7.6,5.3,26.6,1.7,0.9,11.4,29.5,3.2,1.7,5,0.143,3,-1.4,1.6,1.5,17638063,10580.72166,886334.8241,597900.4407
47,JaVale McGee\mcgeeja01,C,28,DAL,34,370,19.9,0.574,0.007,0.269,15.8,23.7,19.7,1.5,0.7,5.9,12.3,21.1,0.6,0.5,1.1,0.146,-2.9,-0.6,-3.5,-0.1,1403611,3793.543243,70533.21608,66521.84834
48,John Wall\walljo01,PG,25,WAS,77,2784,19.8,0.51,0.243,0.255,1.7,13.8,7.6,46.2,2.5,1.7,17.5,28.6,2.2,3.5,5.7,0.098,2.2,1,3.2,3.7,16957900,6091.199713,856459.596,592933.5664
49,Jrue Holiday\holidjr01,PG,25,NOP,65,1831,19.7,0.529,0.277,0.231,1.6,10.5,5.9,37.3,2.4,1,14,28.9,2.2,1.2,3.4,0.089,3.1,-1.3,1.7,1.7,11286518,6164.127799,572919.6954,390536.955
50,Reggie Jackson\jacksre01,PG,25,DET,79,2424,19.6,0.535,0.268,0.271,2.5,9.1,5.7,36.3,1.2,0.3,13.8,29.1,4.9,1.9,6.9,0.136,3.9,-1.6,2.3,2.6,14956522,6170.182343,763087.8571,513969.8282
51,David Lee\leeda02,PF,32,TOT,55,903,19.6,0.568,0.003,0.278,12,24.6,18.3,15.5,1.2,2.5,14.9,21.5,1.7,1.4,3,0.161,-0.3,1.7,1.4,0.8,1551659,1718.337763,79166.27551,72170.18605
52,Mike Conley\conlemi01,PG,28,MEM,56,1761,19.4,0.538,0.309,0.329,1.6,9.3,5.3,32.7,2,0.8,9.5,22.4,4.2,1.1,5.3,0.144,3.7,-1.9,1.7,1.7,26540100,15071.03918,1368046.392,1184825.893
53,Al Horford\horfoal01,C,29,ATL,82,2631,19.4,0.565,0.244,0.123,6.3,18.2,12.4,16.7,1.3,3.6,8.8,20.6,4.9,4.5,9.4,0.172,1.5,2.6,4.1,4.1,26540100,10087.45724,1368046.392,1288354.369
54,Draymond Green\greendr01,PF,25,GSW,81,2808,19.3,0.587,0.315,0.402,5.5,23,14.7,29,2,3,21.2,18.8,6,5.1,11.1,0.19,2,3.9,5.8,5.5,15330435,5459.556624,794323.057,815448.6702
55,Willie Reed\reedwi02,PF,25,BRK,39,426,19.2,0.579,0,0.414,12.7,19.6,16.1,3.8,0.7,5.7,9.2,18.1,0.9,0.3,1.2,0.134,-1.2,-0.4,-1.6,0,1015696,2384.262911,52900.83333,56115.8011
56,Jorge Gutierrez\gutiejo01,PG,27,CHO,12,63,19.1,0.694,0.182,1,0,12.3,6.1,40.3,2.4,0,27.5,15.6,0.2,0.1,0.3,0.201,-0.8,-2.4,-3.2,0,#N/A,#N/A,#N/A,#N/A
57,Danilo Gallinari\gallida01,SF,27,DEN,53,1839,19,0.582,0.341,0.617,3.1,14,8.5,11.8,1.1,0.8,8,23,5.4,0.9,6.3,0.165,2.9,-1.8,1.2,1.5,15050000,8183.795541,792105.2632,654347.8261
58,Marcin Gortat\gortama01,C,31,WAS,75,2256,19,0.592,0.001,0.271,10.8,26.3,18.4,7.5,1,3.4,12.4,18.9,4.2,3.1,7.3,0.156,-0.5,1.7,1.2,1.8,12000000,5319.148936,631578.9474,634920.6349
59,Kevin Love\loveke01,PF,27,CLE,77,2424,19,0.553,0.449,0.321,7,28.4,17.8,12.2,1.2,1.4,11.3,23.4,4.7,3.8,8.5,0.169,1.7,0.9,2.5,2.8,21165675,8731.714109,1113982.895,904516.0256
60,Dirk Nowitzki\nowitdi01,PF,37,DAL,75,2364,19,0.555,0.308,0.252,2.4,20.3,11.4,10.1,1.1,1.8,6.4,25.5,4.2,2.6,6.8,0.138,1.2,-0.3,0.9,1.7,25000000,10575.29611,1315789.474,980392.1569
61,Dwight Howard\howardw01,C,30,HOU,71,2280,18.9,0.604,0.01,0.79,11.4,29.1,20.2,7,1.5,4.1,17,18.4,3.5,3.1,6.6,0.138,-1.1,1.8,0.6,1.5,23180275,10166.78728,1226469.577,1259797.554
62,Giannis Antetokounmpo\antetgi01,PG,21,MIL,80,2823,18.8,0.566,0.108,0.404,4.6,20,12.4,20,1.7,3.4,14.8,22.3,4.2,2.9,7.1,0.121,1,1.5,2.4,3.2,2995421,1061.077223,159330.9043,134323.8117
63,Ed Davis\davised01,PF,26,POR,81,1684,18.7,0.616,0,0.605,14.4,24.2,19.3,7.7,1.7,3.3,13,12.7,4.4,2.3,6.7,0.192,0.8,2.5,3.3,2.3,6666667,3958.828385,356506.2567,524934.4094
64,John Henson\hensojo01,C,25,MIL,57,960,18.6,0.58,0.003,0.402,10.4,15.8,13.2,9,1,9.7,15.7,19.1,1.2,1.1,2.3,0.117,-1.5,3.1,1.6,0.9,12517606,13039.17292,672989.5699,655372.0419
65,Kevon Looney\looneke01,PF,19,GSW,5,21,18.6,0.643,0.286,0,21.8,29.1,25.6,0,0,0,12.5,16.5,0.1,0,0.1,0.192,-1.2,-8.2,-9.5,0,1182840,56325.71429,63593.54839,71687.27273
66,Klay Thompson\thompkl01,SG,25,GSW,80,2666,18.6,0.597,0.469,0.159,1.5,10.3,6.2,9.8,1.1,1.4,8.5,26.3,5.4,2.6,8,0.144,2.9,-2.2,0.7,1.8,16663575,6250.403226,895891.129,633596.0076
67,Clint Capela\capelca01,C,21,HOU,77,1471,18.3,0.553,0.003,0.531,14.4,22.7,18.5,5.1,2,5.2,10.9,16.1,2.4,2,4.4,0.144,-1.2,1.7,0.5,0.9,1296240,881.196465,70832.78689,80511.80124
68,Gordon Hayward\haywago01,SF,25,UTA,80,2893,18.3,0.559,0.341,0.397,2.5,13.5,8,18.2,1.7,0.8,12.5,25.7,5.5,3.4,8.9,0.147,2.6,-0.1,2.5,3.3,16073140,5555.872796,878313.6612,625414.0078
69,Zach Randolph\randoza01,PF,34,MEM,68,2016,18.3,0.519,0.029,0.238,9.7,20.7,15,12.9,1.1,0.6,9.5,24.6,2.8,1.5,4.3,0.103,0.3,-1.1,-0.8,0.6,10361445,5139.605655,566199.1803,421196.9512
70,Brandan Wright\wrighbr03,PF,28,MEM,12,212,18.3,0.663,0,0.462,7.2,16.3,11.6,4.7,1.2,6.6,13.8,15.4,0.4,0.2,0.7,0.147,-0.9,1.9,0.9,0.2,5700000,26886.79245,311475.4098,370129.8701
71,Al Jefferson\jeffeal01,C,31,CHO,47,1096,18.2,0.507,0,0.22,5.6,24.6,15,11.8,1.4,3,5.8,24.2,1,1.8,2.8,0.123,-2.3,1.2,-1.1,0.2,10230179,9334.104927,562097.7473,422734.6694
72,Tyreke Evans\evansty01,SG,26,NOP,25,765,17.9,0.534,0.271,0.296,2.8,16.4,9.3,34.6,2.1,0.9,17.1,24.7,0.8,0.6,1.4,0.087,1.7,0,1.7,0.7,10203755,13338.24183,570042.1788,413107.4899
73,Jeff Teague\teaguje01,PG,27,ATL,79,2255,17.9,0.551,0.278,0.316,1.6,8.6,5.2,34.4,2.1,0.8,16.2,26.6,2.8,3,5.9,0.125,1.2,-0.9,0.3,1.3,8800000,3902.439024,491620.1117,330827.0677
74,Aron Baynes\baynear01,C,29,DET,81,1233,17.8,0.563,0.005,0.43,11.9,22.5,17,6.6,0.9,3.2,12.8,18.5,2.4,1.7,4.1,0.158,-1.3,1.1,-0.2,0.6,6500000,5271.695053,365168.5393,351351.3514
75,James Ennis\ennisja01,SF,25,TOT,22,329,17.8,0.621,0.513,0.301,6.9,7.4,7.1,10.1,2.4,1.3,12.9,19.8,0.7,0.2,0.9,0.133,3.4,-1,2.4,0.4,2898000,8808.510638,162808.9888,146363.6364
76,Manu Ginobili\ginobma01,SG,38,SAS,58,1134,17.8,0.573,0.411,0.257,2.7,11.7,7.3,23.6,3,0.8,17,23.6,1.5,2.3,3.8,0.16,2.3,1.3,3.6,1.6,14000000,12345.67901,786516.8539,593220.339
77,Delon Wright\wrighde01,PG,23,TOR,27,229,17.8,0.54,0.163,0.438,4.1,14.3,9.3,22.5,1.8,1.1,14.4,22.1,0.3,0.2,0.6,0.124,-0.1,-0.6,-0.7,0.1,1577280,6887.68559,88611.23596,71370.13575
78,Festus Ezeli\ezelife01,C,26,GSW,46,770,17.7,0.559,0,0.579,13.5,21.9,18,5.8,1.1,4.8,11.7,18.2,1.4,1.3,2.7,0.171,-1.5,1.4,-0.1,0.4,7400000,9610.38961,418079.096,406593.4066
79,Marc Gasol\gasolma01,C,31,MEM,52,1791,17.7,0.528,0.004,0.347,3.5,20.2,11.5,18.9,1.4,3.6,12.7,23.4,1.8,1.9,3.7,0.098,-0.7,1.7,1,1.3,21165675,11817.79732,1195800.847,904516.0256
80,C.J. McCollum\mccolcj01,SG,24,POR,80,2780,17.7,0.544,0.33,0.158,1.8,8.3,5,21.6,1.7,0.6,11.4,27.1,4.4,1.7,6,0.104,2.5,-2,0.4,1.7,3219579,1158.121942,181897.1186,118803.6531
81,Kristaps Porzingis\porzikr01,PF,20,NYK,72,2047,17.7,0.518,0.274,0.271,7.1,20.7,14,7.8,1.3,5,10.9,24.6,1.5,2.9,4.3,0.102,-0.8,0.9,0.1,1.1,4317720,2109.291646,243938.9831,175517.0732
82,Lou Williams\willilo02,SG,29,LAL,67,1907,17.7,0.584,0.462,0.612,1.7,8.1,4.8,15.1,1.6,0.8,10.8,22.8,4.5,0.3,4.7,0.119,3,-2.7,0.3,1.1,7000000,3670.686943,395480.226,307017.5439
83,Jeff Withey\witheje01,C,25,UTA,51,658,17.7,0.577,0.012,0.364,10,20.7,15.4,5,1.7,6.8,13,15.1,1.1,1.3,2.3,0.171,-2,3.7,1.7,0.6,1015696,1543.610942,57383.9548,67264.63576
84,Cristiano Felicio\feliccr01,C,23,CHI,31,321,17.6,0.601,0.056,0.486,10,23.1,16.7,12.1,0.9,3,12.9,13.7,0.7,0.4,1.2,0.175,-0.5,1.4,0.9,0.2,874636,2724.722741,49695.22727,63842.0438
85,Robin Lopez\lopezro01,C,27,NYK,82,2219,17.6,0.574,0.002,0.243,13.4,16.2,14.8,8.5,0.4,4.4,15.4,17.7,3.7,2.1,5.8,0.126,0.1,1.3,1.4,1.9,13219250,5957.300586,751093.75,746850.2825
86,Ricky Rubio\rubiori01,PG,25,MIN,76,2323,17.6,0.529,0.324,0.536,2,14.1,8.2,41.4,3.5,0.4,21,17.7,3.6,2.2,5.8,0.119,1.8,0.1,1.9,2.3,13550000,5832.974602,769886.3636,765536.7232
87,David West\westda01,PF,35,SAS,78,1404,17.6,0.573,0.016,0.179,6,18.6,12.5,15.4,1.6,3,12.3,18,2.4,2.9,5.4,0.184,0.1,3.3,3.4,1.9,1551659,1105.170228,88162.44318,86203.27778
88,Rudy Gobert\goberru01,C,23,UTA,61,1932,17.5,0.582,0,0.799,12.6,27.7,20.2,7.4,1.2,5.9,19.2,14.2,2.6,3.8,6.4,0.16,-1.1,4.8,3.7,2.8,2121288,1097.975155,121216.4571,149386.4789
89,Kyle O'Quinn\oquinky01,PF,25,NYK,65,764,17.5,0.52,0.081,0.221,11,24.5,17.9,15.9,1.3,4.9,17,21.2,0.5,1.2,1.6,0.103,-1.8,2.5,0.7,0.5,3900000,5104.712042,222857.1429,183962.2642
90,J.J. Redick\redicjj01,SG,31,LAC,75,2097,17.5,0.632,0.478,0.233,0.5,6.6,3.6,8.6,1,0.2,7.4,22.6,5.3,1.4,6.7,0.154,3.5,-2.7,0.8,1.5,7377500,3518.121125,421571.4286,326438.0531
91,Thaddeus Young\youngth01,PF,27,BRK,73,2407,17.5,0.533,0.031,0.169,8.1,23,15.4,9.5,2.3,1.2,11.6,21.6,1.9,2.2,4.1,0.081,-0.5,0.6,0.1,1.3,14153652,5880.204404,808780.1143,655261.6667
92,Brandon Bass\bassbr01,PF,30,LAL,66,1342,17.4,0.619,0.006,0.467,8.1,15,11.4,9.2,1.2,3.2,9.9,13.9,3.4,0.7,4.1,0.146,0.1,0.7,0.8,1,1551659,1156.228763,89175.8046,111630.1439
93,Miles Plumlee\plumlmi01,C,27,MIL,61,870,17.4,0.606,0,0.253,12.5,18,15.2,2.9,1.2,4.9,13.4,15.5,1.4,0.8,2.2,0.124,-1.4,-0.4,-1.8,0,12500000,14367.81609,718390.8046,806451.6129
94,Jordan Adams\adamsjo01,SG,21,MEM,2,15,17.3,0.427,0.167,0.833,0,15.9,7.6,31.9,10.3,0,19.6,30.5,0,0,0,0.015,-2.9,4.8,1.9,0,1465080,97672,84686.7052,48035.40984
95,Mario Chalmers\chalmma01,PG,29,TOT,61,1373,17.3,0.561,0.336,0.59,1.9,11.5,6.5,26.6,3.3,0.9,16.4,21.9,2.3,1.5,3.8,0.132,1.8,-0.3,1.5,1.2,#N/A,#N/A,#N/A,#N/A
96,Amar'e Stoudemire\stoudam01,C,33,MIA,52,762,17.3,0.599,0,0.303,10,22.6,16.5,5.6,1.2,4.1,15.8,17.8,1.1,1.3,2.4,0.15,-1.7,1.4,-0.4,0.3,#N/A,#N/A,#N/A,#N/A
97,Ryan Anderson\anderry01,PF,27,NOP,66,2008,17.2,0.546,0.385,0.245,7,15.2,10.9,6.1,0.9,1,8,24.7,3.1,0.8,3.9,0.092,1.5,-2.9,-1.4,0.3,18735364,9330.360558,1089265.349,758516.7611
98,Mason Plumlee\plumlma01,C,25,POR,82,2084,17.2,0.564,0.008,0.648,10.4,22.2,16.3,16.2,1.6,3.2,18.8,17.1,3.4,2.7,6.1,0.14,-0.2,3,2.8,2.5,2328530,1117.336852,135379.6512,136171.345
99,Derrick Williams\willide02,SF,24,NYK,80,1435,17.2,0.55,0.265,0.453,3.6,18.7,11.3,8.9,1,0.5,8.3,23.3,2.4,1.2,3.6,0.12,-0.1,-2.4,-2.6,-0.2,4598000,3204.181185,267325.5814,197339.0558
100,Gorgui Dieng\dienggo01,C,26,MIN,82,2220,17.1,0.601,0.035,0.428,8.3,22.1,15.3,10.1,2.1,3.5,16.9,16.7,3.4,2.5,5.9,0.127,0,2.4,2.4,2.5,2348783,1058.01036,137355.731,140645.6886
101,Jahlil Okafor\okafoja01,C,20,PHI,53,1591,17.1,0.536,0.008,0.248,8.1,17.8,12.8,8.2,0.7,2.9,12.5,27.3,0.3,0.9,1.2,0.037,-2.6,-1.5,-4.1,-0.8,4788840,3009.956003,280049.1228,175415.3846
102,Marreese Speights\speigma01,C,28,GSW,72,832,17.1,0.506,0.136,0.25,10.6,19.8,15.5,11.4,1.1,3,11.5,29.7,0.5,1.2,1.8,0.102,-2.9,-1.1,-3.9,-0.4,1403611,1687.032452,82082.51462,47259.62963
103,Dewayne Dedmon\dedmode01,C,26,ORL,58,705,17,0.606,0,0.429,10.4,25.7,17.9,2.7,1.6,5.4,13.2,15.2,1.2,1.1,2.4,0.162,-2.6,1.3,-1.3,0.1,2898000,4110.638298,170470.5882,190657.8947
104,Aaron Gordon\gordoaa01,PF,20,ORL,78,1863,17,0.541,0.245,0.333,9,21.3,15.1,10.3,1.6,2.4,9,17.3,3.2,2.2,5.4,0.139,0.6,1.2,1.8,1.8,4351320,2335.652174,255960,251521.3873
105,Tim Duncan\duncati01,C,39,SAS,61,1536,16.9,0.523,0.005,0.297,8.8,23.8,16.6,15.3,1.6,3.9,15.3,17.6,1.6,3.6,5.2,0.163,-0.8,5,4.1,2.4,1881250,1224.772135,111316.568,106889.2045
106,Michael Kidd-Gilchrist\kiddgmi01,SF,22,CHO,7,205,16.9,0.603,0.115,0.475,6.3,17.8,12,7.3,0.7,1.2,9.8,18,0.4,0.2,0.6,0.152,-0.7,-0.7,-1.4,0,13000000,63414.63415,769230.7692,722222.2222
107,Rajon Rondo\rondora01,PG,29,SAC,72,2537,16.9,0.506,0.217,0.192,3.3,15.2,9.3,48,2.7,0.3,24.7,18.8,2.3,2.3,4.6,0.087,0.8,0.2,1,1.9,14000000,5518.328735,828402.3669,744680.8511
108,J.J. Hickson\hicksjj01,C,27,TOT,35,436,16.8,0.514,0.006,0.665,9.8,24.1,16.8,8.7,1.7,2.6,11.1,22.6,0.3,0.5,0.8,0.088,-2.9,-0.1,-3,-0.1,#N/A,#N/A,#N/A,#N/A
109,Nene Hilario\hilarne01,PF,33,WAS,57,1094,16.8,0.564,0.008,0.482,5.2,21.6,13.2,14.1,2.4,1.9,14,21.6,1.1,1.6,2.7,0.12,-1.6,1.8,0.2,0.6,2898000,2648.994516,172500,134166.6667
110,Salah Mejri\mejrisa01,C,29,DAL,34,397,16.8,0.636,0.013,0.59,11.4,22.6,17,3.9,1,7.6,19,14,0.6,0.7,1.3,0.156,-2.6,3.7,1.1,0.3,874636,2203.11335,52061.66667,62474
111,Khris Middleton\middlkh01,SG,24,MIL,79,2852,16.8,0.56,0.316,0.273,1.8,10.2,6,18.9,2.3,0.6,12.3,23,4.3,1.8,6.1,0.103,2.2,-1.6,0.6,1.9,15200000,5329.593268,904761.9048,660869.5652
112,Dwight Powell\poweldw01,PF,24,DAL,69,992,16.8,0.557,0.054,0.48,9.3,20.9,15.1,7.2,1.8,2,10,18.4,1.8,1.3,3.1,0.151,-1.3,1,-0.3,0.4,8375000,8442.540323,498511.9048,455163.0435
113,Marvin Williams\willima02,PF,29,CHO,81,2338,16.8,0.585,0.506,0.193,5.9,18.6,12.2,7.6,1.2,2.7,7.1,16.8,4.7,3.2,7.8,0.161,1.7,1,2.7,2.7,12250000,5239.520958,729166.6667,729166.6667
114,Victor Oladipo\oladivi01,SG,23,ORL,72,2379,16.7,0.534,0.291,0.255,2.2,14,8,18.6,2.4,1.9,12.4,22.9,2.2,2.7,4.9,0.099,1,0.8,1.8,2.3,6552960,2754.501892,392392.8144,286155.4585
115,Jared Sullinger\sullija01,PF,23,BOS,81,1915,16.7,0.476,0.128,0.2,10.6,27,18.7,15.5,1.9,1.9,10.4,21.8,1.3,3.6,4.8,0.121,-1.2,2.3,1.1,1.5,5628000,2938.903394,337005.988,258165.1376
116,Ian Mahinmi\mahinia01,C,29,IND,71,1816,16.6,0.603,0,0.502,8.3,22.1,15.3,8.9,1.8,3.3,15.5,15.7,2.9,3.3,6.2,0.163,-0.9,3.3,2.4,2,15944154,8779.820485,960491.2048,1015551.21
117,Andrew Wiggins\wiggian01,SF,20,MIN,81,2845,16.5,0.543,0.147,0.437,4.4,7.5,6,10.1,1.4,1.3,10.6,27.2,3.4,0.7,4.1,0.069,0.4,-2.5,-2.1,-0.1,6006600,2111.282953,364036.3636,220830.8824
118,Jordan Hill\hilljo01,C,28,IND,73,1513,16.4,0.534,0.002,0.228,11.3,21.2,16.3,9.5,1.2,2,13.2,20.3,1.6,2.3,3.9,0.124,-1.7,0.9,-0.7,0.5,3911380,2585.181758,238498.7805,192678.8177
119,Christian Wood\woodch01,PF,20,PHI,17,145,16.4,0.49,0.208,0.396,9.4,19.4,14.3,3.5,1.7,3.7,3.1,19.4,0.2,0.1,0.3,0.097,-2.9,-1.6,-4.5,-0.1,874636,6031.972414,53331.46341,45084.3299
120,Kelly Olynyk\olynyke01,C,24,BOS,69,1395,16.3,0.561,0.378,0.23,5.4,16.2,10.7,11.9,1.8,1.8,10.8,20.9,2.1,2,4.1,0.141,0.8,0.4,1.2,1.1,3094014,2217.931183,189816.8098,148038.9474
121,Tobias Harris\harrito02,PF,23,TOT,76,2513,16.2,0.56,0.269,0.273,4.1,18.6,11.2,10.6,1.3,1.3,9.8,19.3,4.1,2.5,6.6,0.126,0.7,0.4,1,1.9,17200000,6844.409073,1061728.395,891191.7098
122,Jon Leuer\leuerjo01,PF,26,PHO,67,1255,16.2,0.555,0.236,0.217,6.4,26.3,16.1,9.6,1.5,2,12.8,19.8,1.4,1.3,2.7,0.103,-1.3,0.3,-1,0.3,10991957,8758.531474,678515.8642,555149.3434
123,Nerlens Noel\noelne01,C,21,PHI,67,1965,16.2,0.544,0.003,0.387,8.2,22.2,15,10.5,2.9,3.9,18.7,18.8,0.3,2.8,3,0.074,-2.7,3.4,0.7,1.3,4384490,2231.292621,270647.5309,233217.5532
124,Zaza Pachulia\pachuza01,C,31,DAL,76,2004,16.2,0.55,0.006,0.587,13.7,25.7,19.7,9.7,1.6,0.9,16.8,16.2,3.4,2.7,6,0.145,-0.8,2.2,1.4,1.7,2898000,1446.107784,178888.8889,178888.8889
125,Tony Parker\parketo01,PG,33,SAS,72,1980,16.2,0.546,0.092,0.241,1,8.8,5.1,29.1,1.4,0.4,14.3,21.2,2.9,2.9,5.8,0.142,0.4,-0.3,0.1,1,14445313,7295.612626,891685.9877,681382.6887
126,Chandler Parsons\parsoch01,SF,27,DAL,61,1799,16.2,0.589,0.386,0.209,1.8,15.6,8.7,16,1.3,1,11.8,20.5,2.6,1.6,4.3,0.114,1.6,0.3,1.9,1.8,22116750,12293.91329,1365231.481,1078865.854
127,Mirza Teletovic\teletmi01,PF,30,PHO,79,1686,16.2,0.571,0.592,0.199,3.5,16.3,9.7,9.1,0.9,1,9,23.4,2.9,0.9,3.8,0.109,2.3,-2.7,-0.5,0.7,10500000,6227.758007,648148.1481,448717.9487
128,Cody Zeller\zelleco01,C,23,CHO,73,1774,16.1,0.592,0.023,0.531,8.4,19.7,14,6.3,1.6,2.9,11.2,15.4,3.6,2.7,6.3,0.169,-1,2,1,1.3,5318313,2997.921646,330330,345345
129,Will Barton\bartowi01,SG,25,DEN,82,2353,16,0.535,0.331,0.273,2.7,20,11.2,14.4,1.5,1.3,11.2,23,2.4,1.9,4.3,0.088,0.3,-0.4,-0.1,1.1,3533333,1501.628984,220833.3125,153623.1739
130,Amir Johnson\johnsam01,PF,28,BOS,79,1800,16,0.602,0.101,0.284,10.3,19.6,14.9,11.4,1.4,3.6,16.4,13.6,3,2.9,5.9,0.158,-0.2,3.2,3,2.3,12000000,6666.666667,750000,882352.9412
131,Andrew Bogut\bogutan01,C,31,GSW,70,1451,15.9,0.623,0.004,0.179,9.5,26,18.3,14.8,1.1,5.8,21.6,11.4,2.6,2.9,5.4,0.18,-0.6,5.1,4.5,2.4,11027027,7599.6051,693523.7107,967283.0702
132,Darren Collison\collida01,PG,28,SAC,74,2219,15.9,0.591,0.28,0.291,1.4,6.8,4.1,21.7,1.6,0.1,12.9,19.2,4.5,0.7,5.2,0.113,1.8,-2.2,-0.4,0.9,5229454,2356.671474,328896.478,272367.3958
133,Richaun Holmes\holmeri01,PF,22,PHI,51,702,15.9,0.564,0.198,0.333,9.3,11.7,10.5,8,1.3,4.3,11.2,17.9,1,0.5,1.5,0.103,-1,0,-0.9,0.2,1025831,1461.297721,64517.67296,57308.99441
134,Jeremy Lamb\lambje01,SG,23,CHO,66,1227,15.9,0.529,0.355,0.173,3.9,18.7,11.2,10.9,1.7,2,8.4,22,1,1.8,2.7,0.107,-0.6,0.1,-0.5,0.4,6511628,5306.950285,409536.3522,295983.0909
135,James Michael McAdoo\mcadoja01,PF,23,GSW,41,262,15.9,0.554,0.024,0.583,13.1,10.9,11.9,9.2,1.8,2.2,13.2,20.1,0.5,0.3,0.8,0.146,-0.9,-0.3,-1.1,0.1,980431,3742.103053,61662.32704,48777.66169
136,Jusuf Nurkic\nurkiju01,C,21,DEN,32,547,15.9,0.46,0.012,0.409,12.9,22.7,17.7,12.3,2.2,6.5,16.1,27.2,-0.5,0.9,0.4,0.031,-4.1,2.8,-1.3,0.1,1921320,3512.468007,120837.7358,70636.76471
137,Ramon Sessions\sessira01,PG,29,WAS,82,1667,15.9,0.565,0.188,0.478,1.6,12.2,6.8,22,1.3,0.2,13.8,21.8,2.5,1.3,3.8,0.109,-0.3,-1.5,-1.8,0.1,6000000,3599.280144,377358.4906,275229.3578
138,Tristan Thompson\thomptr01,PF,24,CLE,82,2269,15.9,0.611,0,0.576,13.5,23.3,18.4,4,0.9,1.8,10.4,11.7,5.6,3.1,8.7,0.185,0.2,1.3,1.5,2,15330435,6756.472014,964178.3019,1310293.59
139,Jae Crowder\crowdja01,SF,25,BOS,73,2308,15.8,0.565,0.446,0.294,3.2,14.2,8.6,8.9,2.7,1.2,8.3,18.5,3.8,3.5,7.3,0.152,1.5,1.3,2.8,2.8,6286408,2723.746967,397873.9241,339805.8378
140,Taj Gibson\gibsota01,PF,30,CHI,73,1936,15.7,0.556,0.006,0.292,11.4,15.9,13.7,8.3,1.2,2.9,12.1,14.6,3.2,2.2,5.4,0.133,-0.1,1.7,1.6,1.7,8950000,4622.933884,570063.6943,613013.6986
141,Joffrey Lauvergne\lauvejo01,C,24,DEN,59,1041,15.7,0.567,0.139,0.182,8.1,23.1,15.4,9.1,0.6,1.2,11.6,19.5,1.6,0.7,2.3,0.105,-0.9,-1.4,-2.3,-0.1,1709720,1642.382325,108899.3631,87677.94872
142,T.J. Warren\warretj01,SF,22,PHO,47,1070,15.7,0.549,0.159,0.145,5.7,9.3,7.5,7.2,1.7,1.2,6.4,19.9,1.7,0.6,2.2,0.101,0.2,-1.3,-1.2,0.2,2128920,1989.64486,135600,106980.9045
143,Nicolas Batum\batumni01,SF,27,CHO,70,2448,15.6,0.546,0.457,0.22,2.4,16.8,9.6,26.9,1.3,1.4,17.6,21.4,2,2.9,5,0.097,1.1,0.9,2,2.5,20869566,8525.14951,1337792.692,975213.3645
144,Sean Kilpatrick\kilpase01,SG,26,TOT,31,616,15.6,0.576,0.422,0.248,2.1,8.2,5.1,8,1,0.3,9.4,23.8,1,0,1,0.076,1.4,-4.4,-3,-0.2,980431,1591.608766,62848.14103,41194.57983
145,Nikola Mirotic\mirotni01,PF,24,CHI,66,1646,15.6,0.564,0.568,0.297,3.8,19.1,11.6,9.4,1.8,2,12.9,21.1,1.8,2.2,3.9,0.115,1.1,0.1,1.2,1.3,5782450,3513.031592,370669.8718,274049.763
146,Lucas Nogueira\noguelu01,C,23,TOR,29,225,15.6,0.642,0.068,0.341,9.3,14,11.7,4.9,2.8,4.4,17.9,12.4,0.3,0.4,0.7,0.154,-0.4,2.9,2.6,0.3,1921320,8539.2,123161.5385,154945.1613
147,Steven Adams\adamsst01,C,22,OKC,80,2014,15.5,0.621,0,0.46,12.5,16.1,14.4,4.3,1,3.3,14.1,12.6,4.2,2.3,6.5,0.155,0.8,1.3,2.1,2.1,3140517,1559.343098,202614,249247.381
148,Bradley Beal\bealbr01,SG,22,WAS,55,1708,15.5,0.547,0.339,0.22,2.6,9.8,6.2,15.6,1.5,0.5,11.3,25.3,1.4,1.3,2.7,0.076,1,-1.6,-0.6,0.6,22116750,12948.91686,1426887.097,874179.8419
149,Goran Dragic\dragigo01,PG,29,MIA,72,2363,15.5,0.537,0.234,0.189,2.7,10.4,6.6,28.7,1.5,0.6,16.3,21.9,2.4,2.3,4.7,0.096,1.3,-0.6,0.7,1.6,15890000,6724.502751,1025161.29,725570.7763
150,Rudy Gay\gayru01,SF,29,SAC,70,2379,15.5,0.538,0.214,0.252,4.7,15.9,10.4,8,2,1.7,11.1,22.4,1.8,2.1,3.8,0.078,-0.4,0.1,-0.4,1,13333333,5604.595628,860215.0323,595238.0804
151,Dennis Schroder\schrode01,PG,22,ATL,80,1621,15.5,0.51,0.306,0.233,1.7,11.8,6.9,36.1,2.1,0.4,17.5,28.8,-0.2,2.3,2.2,0.064,-0.5,-0.9,-1.4,0.3,2708582,1670.932758,174747.2258,94047.98611
152,J.J. Barea\bareajo01,PG,31,DAL,74,1667,15.4,0.536,0.366,0.135,1.7,8.3,5,31.5,0.8,0.1,13,23.8,2.1,0.7,2.8,0.082,1.6,-2.8,-1.2,0.3,4096950,2457.678464,266035.7143,172140.7563
153,Myles Turner\turnemy01,C,19,IND,60,1367,15.4,0.531,0.026,0.228,5.5,21,13.3,5,0.9,5.1,10.3,20.9,0.8,2.3,3.1,0.109,-3.7,1.4,-2.3,-0.1,2463840,1802.370154,159989.6104,117887.0813
154,Tyler Zeller\zellety01,C,26,BOS,60,710,15.4,0.539,0,0.372,9.1,17.6,13.3,6.6,0.7,2.4,12,23,0.8,0.9,1.7,0.114,-3.2,-1.1,-4.4,-0.4,8000000,11267.60563,519480.5195,347826.087
155,Chris Andersen\anderch01,C,37,TOT,27,402,15.3,0.598,0.194,0.5,9.9,18.2,13.9,4.4,1.9,2.9,9.3,10.8,0.8,0.4,1.3,0.149,-0.3,1.1,0.8,0.3,1551659,3859.848259,101415.6209,143672.1296
156,Willie Cauley-Stein\caulewi01,C,22,SAC,66,1412,15.3,0.588,0.006,0.369,10.3,16.6,13.5,3.8,1.6,3.8,10.5,13.2,2.4,1.4,3.8,0.13,-0.8,1.5,0.7,1,3551160,2514.985836,232101.9608,269027.2727
157,Jordan Mickey\mickejo01,PF,21,BOS,16,57,15.3,0.398,0,0.455,11,13.3,12.1,2.6,0,15.1,3.6,20.5,0,0.1,0.1,0.068,-7.3,4.1,-3.2,0,1223653,21467.59649,79977.32026,59690.39024
158,Shabazz Muhammad\muhamsh01,SF,23,MIN,82,1682,15.2,0.548,0.223,0.355,7,11.4,9.2,5.2,0.7,0.3,8.2,22.8,2.6,0.2,2.7,0.077,0,-4.2,-4.2,-0.9,3046299,1811.117122,200414.4079,133609.6053
159,Kosta Koufos\koufoko01,C,26,SAC,78,1482,15.1,0.54,0,0.234,12.4,18.4,15.4,3.3,1.3,3.8,8.9,15.4,2.1,1.4,3.5,0.113,-1.6,0.4,-1.2,0.3,8046500,5429.487179,532880.7947,522500
160,Luol Deng\denglu01,PF,30,MIA,74,2394,15,0.549,0.344,0.258,5.3,15.4,10.5,9,1.6,0.9,8.9,17.4,3.5,2.8,6.4,0.128,1.3,0.6,1.9,2.3,18000000,7518.796992,1200000,1034482.759
161,Bismack Biyombo\biyombi01,C,23,TOR,82,1808,14.9,0.586,0.003,0.785,11.7,29.5,20.8,2.4,0.5,6.1,15.5,11.5,2.8,3.1,5.9,0.156,-2.4,2.3,-0.1,0.9,17000000,9402.654867,1140939.597,1478260.87
162,Kobe Bryant\bryanko01,SF,37,LAL,66,1863,14.9,0.469,0.42,0.252,2.3,12.3,7.1,19.1,1.7,0.5,9.4,32.2,-0.9,0.5,-0.4,-0.01,0.8,-3.3,-2.5,-0.2,#N/A,#N/A,#N/A,#N/A
163,Troy Daniels\danietr01,SG,24,CHO,43,476,14.9,0.634,0.652,0.048,1.6,11.6,6.5,7.6,1.2,0.5,11.2,20.4,0.6,0.4,1.1,0.11,1.6,-2.7,-1.1,0.1,3332940,7001.97479,223687.2483,163379.4118
164,Ish Smith\smithis01,PG,27,TOT,77,2239,14.9,0.465,0.176,0.182,2,13.3,7.5,38.3,1.9,0.8,14.4,23.9,0,1.3,1.3,0.027,-0.6,-1.1,-1.7,0.1,6000000,2679.767753,402684.5638,251046.0251
165,Andrew Nicholson\nichoan01,PF,26,ORL,56,823,14.8,0.567,0.368,0.21,4.5,22.8,13.5,4.8,0.6,2.2,10.8,20.4,0.8,0.8,1.6,0.092,-1.7,-2,-3.7,-0.4,6088993,7398.533414,411418.4459,298480.049
166,Jabari Parker\parkeja01,PF,20,MIL,76,2408,14.8,0.535,0.039,0.254,5.9,12.8,9.4,8.9,1.5,1,10.4,20.9,2.4,1.2,3.6,0.072,-0.9,-1.5,-2.4,-0.2,5374320,2231.860465,363129.7297,257144.4976
167,Alex Stepheson\stephal01,PF,28,TOT,8,73,14.8,0.341,0,0.444,28.5,14.5,21.8,4.3,0.7,6,0,19.8,0,0.1,0.1,0.068,-2,-1.1,-3.2,0,#N/A,#N/A,#N/A,#N/A
168,Quincy Acy\acyqu01,PF,25,SAC,59,876,14.7,0.629,0.229,0.318,8.1,15.1,11.6,4.4,1.6,2.2,10,13.1,1.8,0.7,2.5,0.137,0.2,0,0.2,0.5,1050961,1199.727169,71493.94558,80226.03053
169,Tyson Chandler\chandty01,C,33,PHO,66,1618,14.7,0.606,0.003,0.545,11.5,27.5,19.3,6,1.1,2.2,19.3,12.7,2.1,1.6,3.8,0.112,-1.9,1.3,-0.5,0.6,12415000,7673.053152,844557.8231,977559.0551
170,Toney Douglas\douglto01,PG,29,NOP,61,1262,14.7,0.543,0.456,0.222,2.1,10.7,6.3,19.1,2.8,0.3,11.6,19.4,1.6,0.9,2.5,0.094,1.4,-0.9,0.5,0.8,#N/A,#N/A,#N/A,#N/A
171,Brandon Knight\knighbr03,SG,24,PHO,52,1870,14.7,0.522,0.392,0.204,2,9.9,5.9,24.4,1.6,0.9,15.4,26.2,0.7,0.9,1.7,0.043,1.2,-1.5,-0.3,0.8,12606250,6741.31016,857568.0272,481154.5802
172,Marcus Thornton\thornma01,SG,28,TOT,61,1109,14.7,0.511,0.498,0.146,3.8,11.3,7.5,12.9,2.1,0.3,8.1,24.4,1,0.7,1.7,0.074,0.7,-2.9,-2.1,0,1315448,1186.156898,89486.2585,53911.80328
173,Evan Fournier\fournev01,SF,23,ORL,79,2566,14.6,0.587,0.42,0.256,1.4,8.4,4.9,12.8,1.9,0.1,11.4,20.1,4,1.7,5.7,0.106,2.1,-1.5,0.7,1.7,17000000,6625.097428,1164383.562,845771.1443
174,JaMychal Green\greenja01,PF,25,MEM,78,1446,14.6,0.52,0.091,0.277,10.5,19.3,14.7,7.7,1.6,2.1,13,19.8,1.2,1.4,2.6,0.086,-1.6,-0.3,-1.9,0,980431,678.0297372,67152.80822,49516.71717
175,Montrezl Harrell\harremo01,PF,22,HOU,39,379,14.6,0.635,0.011,0.511,7.2,11.7,9.5,7.2,1.4,2.4,13.4,14.5,0.7,0.2,0.9,0.118,-1.2,-0.7,-1.9,0,1000000,2638.522427,68493.15068,68965.51724
176,Patrick Mills\millspa02,PG,27,SAS,81,1662,14.6,0.541,0.523,0.095,1.9,8.7,5.4,20.1,1.8,0.3,10.7,19.7,2.2,2.6,4.8,0.139,2.1,-0.4,1.7,1.6,3578948,2153.398315,245133.4247,181672.4873
177,Timofey Mozgov\mozgoti01,C,29,CLE,76,1326,14.6,0.593,0.019,0.265,9.5,19.2,14.4,3.9,0.9,3.5,15,16.1,1.8,1.9,3.7,0.133,-2.2,1,-1.2,0.3,16000000,12066.36501,1095890.411,993788.8199
178,Jason Smith\smithja02,C,29,ORL,76,1181,14.6,0.513,0.032,0.133,4.9,15.8,10.3,8.6,1.4,4.6,9.7,22.1,0.4,1.4,1.8,0.072,-3.1,0.6,-2.5,-0.1,5000000,4233.700254,342465.7534,226244.3439
179,Deron Williams\willide01,PG,31,DAL,65,2106,14.6,0.53,0.364,0.266,1,8.9,5,29.3,1.5,0.6,14.8,22,2.2,1.4,3.7,0.083,0.9,-1,-0.1,1,9000000,4273.504274,616438.3562,409090.9091
180,Jarrett Jack\jackja01,PG,32,BRK,32,1027,14.5,0.505,0.285,0.313,1,14.1,7.4,35,1.7,0.6,18.8,21.7,0.5,0.4,0.9,0.043,0,-1.4,-1.4,0.2,1551659,1510.865628,107010.9655,71505.02304
181,T.J. McConnell\mccontj01,PG,23,PHI,81,1606,14.5,0.511,0.192,0.088,2.8,14.5,8.5,37.2,2.9,0.5,22.5,17,0.6,1.4,1.9,0.058,-1.7,-0.4,-2.1,0,874636,544.6052304,60319.72414,51449.17647
182,Otto Porter\porteot01,SF,22,WAS,75,2276,14.5,0.564,0.372,0.176,4.7,14.7,9.6,7.9,2.2,1.1,8.3,16.2,3,2.7,5.6,0.119,0.8,1,1.8,2.2,5893981,2589.622583,406481.4483,363825.9877
183,Thomas Robinson\robinth01,PF,24,BRK,71,917,14.5,0.453,0.003,0.375,16.4,27.8,22,7.7,2.1,3.2,16.9,19.8,-0.5,1.1,0.6,0.033,-3.8,0.9,-2.9,-0.2,1050961,1146.08615,72480.06897,53078.83838
184,Trevor Booker\booketr01,PF,28,UTA,79,1632,14.4,0.533,0.106,0.273,11.9,20.4,16.2,8.2,1.9,2.1,15.7,14.6,1.8,2.6,4.3,0.128,-0.9,2.3,1.4,1.4,9250000,5667.892157,642361.1111,633561.6438
185,Steve Novak\novakst01,PF,32,TOT,10,44,14.4,0.651,0.833,0.056,0,12,6.2,0,0,0,5.1,19.2,0.1,0,0.1,0.121,1.3,-8,-6.6,-0.1,1551659,35264.97727,107754.0972,80815.57292
186,Walter Tavares\tavarwa01,C,23,ATL,11,73,14.4,0.555,0,0.421,10.7,20.5,15.7,6.3,0.7,6.5,18.2,16.9,0,0.1,0.2,0.106,-4.9,2.5,-2.3,0,1000000,13698.63014,69444.44444,59171.59763
187,Alec Burks\burksal01,SG,24,UTA,31,797,14.3,0.52,0.237,0.422,2.4,13.6,8,13.9,1.2,0.4,11.4,25.9,0.7,0.8,1.5,0.09,-0.9,-1.6,-2.5,-0.1,10154495,12740.89711,710104.5455,392065.444
188,Jordan Clarkson\clarkjo01,SG,23,LAL,79,2552,14.3,0.516,0.291,0.186,3.8,9.6,6.6,13.8,1.7,0.2,10.2,22.8,1.7,0.4,2.1,0.039,0.6,-2,-1.4,0.4,12500000,4898.119122,874125.8741,548245.614
189,Zach LaVine\lavinza01,SG,20,MIN,82,2294,14.3,0.548,0.33,0.212,1.4,10.1,5.8,18.6,1.5,0.6,12.9,23.5,1.9,0.7,2.6,0.054,1,-2.4,-1.4,0.3,2240880,976.8439407,156704.8951,95356.59574
190,Rondae Hollis-Jefferson\holliro01,SF,21,BRK,29,615,14.2,0.519,0.101,0.377,7,21.4,14.1,10.1,3.2,2.1,13.9,13.5,0.5,0.7,1.2,0.094,-1.4,2.6,1.2,0.5,1395600,2269.268293,98281.69014,103377.7778
191,Ersan Ilyasova\ilyaser01,PF,28,TOT,74,1881,14.2,0.526,0.392,0.233,8.1,15.6,11.7,5.6,1.4,1.4,8.9,18.6,2.4,2,4.4,0.113,0.4,-0.3,0.1,1,8400000,4465.709729,591549.2958,451612.9032
192,Jordan McRae\mcraejo01,PG,24,TOT,22,195,14.2,0.548,0.282,0.359,2.3,9.2,5.7,20.9,0.7,0.4,14.2,23.9,0.2,0.1,0.4,0.087,-0.9,-3.3,-4.3,-0.1,874636,4485.312821,61594.08451,36595.64854
193,Jason Thompson\thompja02,C,29,TOT,47,471,14.2,0.558,0.139,0.5,7.9,23.4,15.9,8.5,1.3,3.3,10.2,13.9,0.9,0.7,1.6,0.165,-1.3,1.6,0.3,0.3,945126,2006.636943,66558.16901,67994.67626
194,Joel Anthony\anthojo01,C,33,DET,19,96,14.1,0.666,0,0.8,8.8,15.4,11.9,1.4,1.1,9.5,12.9,7,0.2,0.2,0.4,0.177,-2.8,5,2.2,0.1,#N/A,#N/A,#N/A,#N/A
195,Matt Bonner\bonnema01,C,35,SAS,30,206,14.1,0.647,0.596,0.07,1.7,12.8,7.5,6.3,1.5,0.4,4.9,13.7,0.4,0.3,0.8,0.181,1.8,-0.3,1.6,0.2,#N/A,#N/A,#N/A,#N/A
196,Rodney Hood\hoodro01,SG,23,UTA,79,2541,14.1,0.542,0.462,0.206,1.8,10.5,6.1,14.4,1.5,0.5,10.5,21.5,3.4,2.5,6,0.112,1.6,-0.9,0.7,1.7,1406520,553.5301063,99753.19149,65419.53488
197,Joakim Noah\noahjo01,C,30,CHI,29,635,14.1,0.406,0.008,0.338,14.7,27.3,21.1,24.2,1.4,3.3,25.4,14.2,0,1.1,1.1,0.079,-2.3,4.3,1.9,0.6,17000000,26771.65354,1205673.759,1197183.099
198,Trey Burke\burketr01,PG,23,UTA,64,1366,14,0.507,0.404,0.129,1.5,8,4.8,19.7,1.4,0.4,10.7,25.3,0.9,1.2,2.1,0.074,0.4,-2.5,-2,0,3386598,2479.207906,241899.8571,133857.6285
199,Jamal Crawford\crawfja01,SG,35,LAC,79,2126,14,0.529,0.366,0.289,1,6.3,3.7,14,1.2,0.4,9.6,24.9,1.8,1.5,3.3,0.076,-0.2,-2.4,-2.6,-0.3,13253012,6233.777987,946643.7143,532249.4779
200,Boris Diaw\diawbo01,PF,33,SAS,76,1386,14,0.582,0.18,0.198,4.9,13.9,9.6,18.4,1,1.2,18.9,17,1.6,2.2,3.8,0.132,-0.1,1.4,1.2,1.1,7000000,5050.505051,500000,411764.7059
201,Jarell Martin\martija01,PF,21,MEM,27,380,14,0.534,0.017,0.534,11.2,14.7,12.9,6.4,1.1,1.7,11.7,19.2,0.5,0.2,0.8,0.1,-1.6,-1.6,-3.2,-0.1,1286160,3384.631579,91868.57143,66987.5
202,C.J. Miles\milescj01,SF,28,IND,64,1464,14,0.547,0.61,0.196,1.9,11.1,6.5,7,1.8,1.6,9.2,22.8,1.2,1.9,3.1,0.103,1,-1.2,-0.2,0.7,4583450,3130.771858,327389.2857,201028.5088
203,Mike Scott\scottmi01,PF,27,ATL,75,1146,14,0.575,0.42,0.168,5.2,14.2,9.8,10.5,1.1,1.2,9.4,17.4,1.7,1.5,3.2,0.132,-0.2,-0.4,-0.6,0.4,3333334,2908.668412,238095.2857,191570.9195
204,D.J. Augustin\augusdj01,PG,28,TOT,62,1178,13.9,0.575,0.48,0.366,0.8,8,4.4,25.3,1.6,0.3,17.1,18,2,0.6,2.6,0.106,1,-2.7,-1.7,0.1,7250000,6154.499151,521582.7338,402777.7778
205,Michael Carter-Williams\cartemi01,PG,24,MIL,54,1649,13.9,0.497,0.099,0.292,3.4,15.7,9.6,26.6,2.5,2.1,19.6,21.3,-0.4,1.6,1.2,0.035,-1.6,0.9,-0.8,0.5,3183526,1930.579745,229030.6475,149461.3146
206,Omri Casspi\casspom01,SF,27,SAC,69,1880,13.9,0.587,0.441,0.256,3.4,20.1,11.8,7.5,1.4,0.7,12,17.8,2.1,1.5,3.6,0.092,0.3,-0.6,-0.3,0.8,3000000,1595.744681,215827.3381,168539.3258
207,Tim Frazier\fraziti01,PG,25,TOT,51,741,13.9,0.499,0.21,0.323,3.8,12.8,8.2,33.3,2.2,0.2,19.9,19.4,0.4,0.5,1,0.062,-0.7,-0.7,-1.3,0.1,2090000,2820.512821,150359.7122,107731.9588
208,Serge Ibaka\ibakase01,PF,26,OKC,78,2500,13.9,0.533,0.212,0.139,6.5,16.2,11.6,3.9,0.8,4.5,10.5,17.6,2.5,3,5.5,0.105,-1.1,1,-0.1,1.2,12250000,4900,881294.964,696022.7273
209,Elfrid Payton\paytoel01,PG,21,ORL,73,2145,13.9,0.478,0.126,0.26,3.9,9.6,6.7,32.8,2.1,0.8,17.9,20.4,0.5,1.7,2.2,0.05,-0.9,-0.5,-1.3,0.4,2613600,1218.461538,188028.777,128117.6471
210,Julius Randle\randlju01,PF,21,LAL,81,2286,13.9,0.482,0.043,0.323,7.8,32,19.5,11,1.2,1,13.5,21.2,-0.3,1.9,1.6,0.035,-3.7,0,-3.6,-0.9,3267120,1429.186352,235044.6043,154109.434
211,Henry Sims\simshe01,C,25,BRK,14,263,13.9,0.504,0,0.39,8.8,22.2,15.4,5.1,1.7,4.3,11.7,17.3,0.2,0.3,0.4,0.079,-3.5,0.9,-2.6,0,75000,285.1711027,5395.683453,4335.260116
212,Donald Sloan\sloando01,PG,28,BRK,61,1318,13.9,0.536,0.283,0.297,1.4,13.5,7.4,30,1.2,0.2,16.8,16.1,1.7,0.3,2,0.071,-0.3,-2.1,-2.4,-0.1,#N/A,#N/A,#N/A,#N/A
213,Alexis Ajinca\ajincal01,C,27,NOP,59,861,13.8,0.514,0.003,0.197,9.3,25.9,17.3,5.8,1.1,3.4,13.6,20.4,0.2,0.9,1,0.058,-4.3,-0.2,-4.5,-0.5,4600000,5342.624855,333333.3333,225490.1961
214,Seth Curry\curryse01,PG,25,SAC,44,692,13.8,0.603,0.496,0.241,1.4,7.9,4.7,14.2,1.5,0.4,12.7,17.4,1.2,0.2,1.4,0.097,0.9,-2.4,-1.5,0.1,2898000,4187.861272,210000,166551.7241
215,Tyler Johnson\johnsty01,SG,23,MIA,36,863,13.8,0.579,0.292,0.263,3.8,10.3,7.2,13.9,1.4,1.2,14.8,16.8,1.2,0.9,2,0.113,0.4,0,0.4,0.5,5628000,6521.436848,407826.087,335000
216,Jeremy Lin\linje01,SG,27,CHO,78,2048,13.8,0.534,0.31,0.401,2.2,11.4,6.8,18.6,1.4,1.7,14.9,22.2,1.3,2.3,3.5,0.082,-0.9,-0.2,-1.1,0.5,11483254,5607.057617,832119.8551,517263.6937
217,Shaun Livingston\livinsh01,PG,30,GSW,78,1520,13.8,0.581,0.032,0.245,3.2,8.5,6,21,1.8,1.3,15.7,14.2,2.9,1.7,4.6,0.145,-0.6,0.1,-0.5,0.6,5782450,3804.243421,419018.1159,407214.7887
218,Bobby Portis\portibo01,PF,20,CHI,62,1102,13.8,0.469,0.119,0.151,12,20,16.1,7.5,1.1,1.5,10.4,20.7,0.3,1.3,1.5,0.066,-2.4,-0.9,-3.3,-0.4,1453680,1319.128857,105339.1304,70226.08696
219,Brian Roberts\roberbr01,PG,30,TOT,51,470,13.8,0.552,0.255,0.285,1.4,8.2,4.8,18.6,1.1,0.3,11,19.8,0.7,0.3,1,0.105,-1.1,-2.8,-3.9,-0.2,1050961,2236.087234,76156.5942,53078.83838
220,Monta Ellis\ellismo01,SG,30,IND,81,2734,13.7,0.504,0.276,0.202,1.7,9.1,5.4,22.2,2.7,1.1,15.4,21.2,0.4,3.9,4.3,0.075,-0.6,0.9,0.3,1.6,10770000,3939.283102,786131.3869,508018.8679
221,Brandon Jennings\jennibr01,PG,26,TOT,48,868,13.7,0.491,0.51,0.257,2,10.4,6.1,29.2,1.7,0.7,14.4,20,0.8,0.7,1.5,0.082,0.3,-1.7,-1.4,0.1,5000000,5760.368664,364963.5036,250000
222,Tiago Splitter\splitti01,C,31,ATL,36,579,13.7,0.571,0.013,0.31,8.7,13.8,11.3,7.9,1.7,1.6,12,15.5,0.9,0.9,1.7,0.144,-1.9,1.1,-0.8,0.2,8550000,14766.83938,624087.5912,551612.9032
223,Shelvin Mack\macksh01,PG,25,TOT,52,1058,13.6,0.507,0.301,0.147,1.4,12.5,7,30.6,1.7,0.2,17.7,23.3,0.2,1.2,1.3,0.061,-0.5,-0.8,-1.2,0.2,2433334,2299.937618,178921.6176,104434.9356
224,Mike Muscala\muscami01,C,24,ATL,60,565,13.6,0.576,0.257,0.257,7.5,14.9,11.3,9.1,1.1,3.8,13.8,15.5,0.7,0.9,1.6,0.136,-2,1.5,-0.5,0.2,1015696,1797.692035,74683.52941,65528.77419
225,Luis Scola\scolalu01,PF,35,TOR,76,1636,13.6,0.523,0.269,0.14,6,19,12.6,6.8,1.5,1.4,9.7,19.5,1.4,1.9,3.3,0.098,-0.8,-0.4,-1.2,0.3,5000000,3056.234719,367647.0588,256410.2564
226,Evan Turner\turneev01,SG,27,BOS,81,2271,13.6,0.513,0.11,0.238,2.3,16.5,9.3,23.9,1.7,1,16.9,18.8,1,3,4,0.085,-1.9,1.3,-0.7,0.8,16393443,7218.601057,1205400.221,871991.6489
227,Eric Gordon\gordoer01,SG,27,NOP,45,1481,13.5,0.565,0.533,0.226,0.7,6.9,3.7,12.7,1.4,0.8,10.7,20.3,1.7,0.4,2.1,0.069,1.6,-2.2,-0.6,0.5,12385364,8362.838623,917434.3704,610116.4532
228,Terrence Jones\joneste01,PF,24,HOU,50,1044,13.5,0.519,0.215,0.316,6.5,15.9,11.1,6.3,1.1,3.1,10.5,19.3,0.8,0.7,1.5,0.068,-2.4,-1,-3.4,-0.4,1050961,1006.667625,77848.96296,54453.93782
229,Jodie Meeks\meeksjo01,SG,28,DET,3,43,13.5,0.506,0.45,0.2,2.4,10.6,6.3,11.3,0,0,4.4,23.1,0.1,0,0.1,0.107,0.1,-4.2,-4.1,0,6540000,152093.0233,484444.4444,283116.8831
230,Gary Neal\nealga01,SG,31,WAS,40,807,13.5,0.558,0.308,0.169,1.5,10.2,5.8,9.2,1.2,0.1,7.7,20.5,0.9,0.5,1.4,0.085,-0.5,-2.3,-2.8,-0.2,#N/A,#N/A,#N/A,#N/A
231,Derrick Rose\rosede01,PG,27,CHI,66,2097,13.5,0.479,0.143,0.171,2.4,8.8,5.6,25.5,1.1,0.5,13.4,27.3,-0.8,1.2,0.4,0.009,-1.2,-2.1,-3.3,-0.7,21323250,10168.45494,1579500,781071.4286
232,Lance Stephenson\stephla01,SF,25,TOT,69,1372,13.5,0.548,0.165,0.234,3.2,15.1,9.1,16.2,1.6,0.6,15.2,20.2,0.9,1.3,2.2,0.076,-1.1,-0.3,-1.4,0.2,1227286,894.5233236,90910.07407,60756.73267
233,Kent Bazemore\bazemke01,SF,26,ATL,75,2083,13.4,0.551,0.421,0.208,1.5,18,9.9,12.7,2.3,1.4,14.8,20,0.3,3.8,4.1,0.094,-1.3,1.6,0.3,1.2,15730338,7551.770523,1173905.821,786516.9
234,Rasual Butler\butlera01,SF,36,SAS,46,432,13.4,0.558,0.471,0.154,0.8,13.5,7.4,7.7,1.5,4.1,6.7,12.6,0.4,0.9,1.3,0.146,-0.9,2.7,1.8,0.4,#N/A,#N/A,#N/A,#N/A
235,Andre Miller\millean02,PG,39,TOT,39,461,13.4,0.6,0.075,0.302,3.1,9.5,6.4,28.3,1.8,0,23.6,15.4,0.6,0.4,1,0.1,-1.1,-1.8,-2.9,-0.1,#N/A,#N/A,#N/A,#N/A
236,Larry Nance Jr.\nancela02,PF,23,LAL,63,1266,13.4,0.544,0.033,0.157,8.3,18.6,13.3,5.7,2.1,1.4,11.3,12.6,1.3,0.9,2.2,0.083,-2,0.6,-1.4,0.2,1207680,953.9336493,90125.37313,95847.61905
237,Maurice Harkless\harklma01,SF,22,POR,78,1457,13.3,0.541,0.341,0.27,7.5,13.3,10.4,6.9,1.7,1.9,11.9,15.6,1.6,1.3,2.9,0.096,-0.4,0.2,-0.2,0.7,8988764,6169.364447,675846.9173,576202.8205
238,Shane Larkin\larkish01,PG,23,BRK,78,1751,13.3,0.515,0.215,0.213,1.8,9.9,5.8,29.3,2.7,0.6,21,17.7,0.5,1,1.4,0.039,-1.2,-1,-2.2,-0.1,#N/A,#N/A,#N/A,#N/A
239,Norman Powell\powelno01,SG,22,TOR,49,725,13.3,0.541,0.389,0.231,2.6,14.8,8.8,10.4,2.1,1.1,11.3,17.8,0.7,0.8,1.6,0.105,-0.3,-0.1,-0.4,0.3,874636,1206.394483,65762.10526,49136.85393
240,Avery Bradley\bradlav01,SG,25,BOS,76,2536,13.2,0.538,0.399,0.121,2,7.3,4.6,9.8,2.2,0.6,9.2,19.8,2,2.8,4.8,0.09,0.5,-0.3,0.2,1.4,8269663,3260.908123,626489.6212,417659.7475
241,Robert Covington\covinro01,SF,25,PHI,67,1903,13.2,0.543,0.677,0.249,3.6,20.9,12,8.4,2.7,1.6,15.3,21.5,-0.1,2.1,2,0.05,-0.2,0,-0.2,0.9,1015696,533.734104,76946.66667,47241.67442
242,Jordan Farmar\farmajo01,PG,29,MEM,12,291,13.2,0.527,0.45,0.1,1.5,8.6,4.9,20.6,2.7,0.6,14.7,18.9,0.2,0.2,0.4,0.064,0.2,-1.4,-1.2,0.1,510921,1755.742268,38706.13636,27032.85714
243,George Hill\hillge01,PG,29,IND,74,2524,13.2,0.555,0.425,0.203,2.5,10.3,6.5,15.5,1.6,0.5,11.1,15.8,3.4,2.8,6.2,0.118,1.1,0.5,1.5,2.2,8000000,3169.572108,606060.6061,506329.1139
244,D'Angelo Russell\russeda01,PG,19,LAL,80,2259,13.2,0.507,0.387,0.199,2.2,11.2,6.5,21.2,2.1,0.5,15.9,24.1,-0.7,0.7,0,0.001,-0.2,-1.7,-1.8,0.1,5332800,2360.690571,404000,221278.0083
245,Devin Harris\harride01,PG,32,DAL,64,1280,13.1,0.559,0.422,0.374,1.5,10.3,5.9,14.5,2.4,0.8,13.2,17.9,1.2,1.3,2.5,0.095,-0.1,0.4,0.3,0.7,4228000,3303.125,322748.0916,236201.1173
246,Kris Humphries\humphkr01,PF,30,TOT,53,835,13.1,0.517,0.366,0.285,7.5,21.5,14.4,6.6,0.9,2.2,10.3,19.5,0.5,1.1,1.6,0.093,-2.2,-0.7,-2.9,-0.2,4000000,4790.419162,305343.5115,205128.2051
247,Patrick Beverley\beverpa01,PG,27,HOU,71,2041,13,0.553,0.522,0.148,3.9,9.6,6.8,17.9,2.3,1.1,12.6,15.3,3.1,1.3,4.4,0.102,1.4,-0.3,1.1,1.6,6000000,2939.735424,461538.4615,392156.8627
248,Jeff Green\greenje02,SF,29,TOT,80,2253,13,0.51,0.258,0.267,3.6,13.3,8.3,10,1.3,1.5,9.2,20.2,1.3,1.7,3.1,0.065,-1,-0.7,-1.7,0.2,15000000,6657.789614,1153846.154,742574.2574
249,Tony Allen\allento01,SG,34,MEM,64,1620,12.9,0.505,0.09,0.294,7,14.1,10.4,6.9,3.5,1,12.8,16.8,0.5,1.9,2.4,0.072,-1.5,1.4,-0.1,0.8,5505618,3398.52963,426792.093,327715.3571
250,Kyle Anderson\anderky01,SF,22,SAS,78,1245,12.9,0.528,0.125,0.281,2.4,19.4,11.2,13.7,2.5,1.8,15.1,14.4,0.7,2.8,3.5,0.133,-1.9,3.7,1.8,1.2,1192080,957.4939759,92409.30233,82783.33333
251,Trevor Ariza\arizatr01,SF,30,HOU,81,2859,12.9,0.551,0.581,0.187,2.6,11.6,7.1,10,2.8,0.8,10.8,15.7,3.1,2.3,5.4,0.09,1.2,0.3,1.5,2.5,7806971,2730.664918,605191.5504,497259.2994
252,Channing Frye\fryech01,PF-C,32,TOT,70,1200,12.9,0.586,0.677,0.101,3.2,18.6,10.9,8.7,1.2,1.9,10.6,15.1,1.6,1.3,3,0.119,0.5,0,0.5,0.7,7806971,6505.809167,605191.5504,517017.947
253,Gerald Henderson\hendege02,SG,28,POR,72,1431,12.9,0.526,0.257,0.276,2.3,13.7,8,8.2,1.4,1,10.3,20.2,1,1,2,0.068,-1.9,-1.4,-3.3,-0.5,9000000,6289.308176,697674.4186,445544.5545
254,Cameron Payne\payneca01,PG,21,OKC,57,698,12.9,0.49,0.399,0.086,1.5,11.2,6.6,22.5,2.6,0.7,13.2,20.3,0.6,0.8,1.4,0.093,-0.4,-0.9,-1.3,0.1,2112480,3026.475645,163758.1395,104063.0542
255,Terrence Ross\rosste01,SF,24,TOR,73,1747,12.9,0.551,0.542,0.099,1.4,10.6,6.1,5.3,1.6,1.2,6.6,18.2,2.1,1.6,3.6,0.1,1.1,-1.2,-0.2,0.8,10000000,5724.098454,775193.7984,549450.5495
256,C.J. Wilcox\wilcocj01,SG,25,LAC,23,167,12.9,0.491,0.348,0.182,0.7,7.1,3.9,9.4,3,0.9,2.7,19.8,0.1,0.2,0.3,0.089,-1.5,-0.9,-2.4,0,1209680,7243.592814,93773.64341,61094.94949
257,Al-Farouq Aminu\aminual01,SF,25,POR,82,2341,12.7,0.533,0.485,0.217,4.5,18.6,11.5,8.8,1.5,1.8,13.2,16.9,1.7,2.3,4,0.082,-0.4,0.7,0.2,1.3,7680965,3281.061512,604800.3937,454494.9704
258,Vince Carter\cartevi01,SG,39,MEM,60,1005,12.7,0.52,0.493,0.245,3.4,13.6,8.3,8.9,1.9,1.5,8.4,18.5,1,0.8,1.8,0.084,-0.1,-1.2,-1.2,0.2,4264057,4242.842786,335752.5197,230489.5676
259,Gary Harris\harriga01,SG,21,DEN,76,2439,12.7,0.566,0.388,0.174,2.4,7.7,5,9.5,2,0.6,10.6,16.5,2.8,1.2,4,0.079,0.9,-0.7,0.2,1.3,1655880,678.9175892,130384.252,100356.3636
260,Cory Jefferson\jeffeco01,PF,25,PHO,8,50,12.7,0.446,0.045,0.273,12.7,22.2,17.4,0,0,1.6,0,21,0,0,0.1,0.07,-6.1,-7.7,-13.8,-0.1,#N/A,#N/A,#N/A,#N/A
261,Marcus Morris\morrima03,SF,26,DET,80,2856,12.7,0.531,0.315,0.287,3.3,12.4,7.7,11,1.2,0.6,11.6,18.4,2.9,2.5,5.4,0.091,0.2,0.5,0.7,2,4625000,1619.397759,364173.2283,251358.6957
262,Jeremy Evans\evansje01,SF,28,DAL,30,251,12.6,0.62,0.333,0.438,4.8,18.8,11.8,1.2,1.2,3,10.9,11.7,0.3,0.3,0.6,0.119,-2.8,0.2,-2.6,0,1227286,4889.585657,97403.65079,104896.2393
263,Jerami Grant\grantje01,SF,21,PHI,77,2066,12.6,0.506,0.244,0.538,5,14.3,9.5,10.4,1.3,4.7,12.9,18,0.5,1.6,2.1,0.05,-2.6,1.3,-1.3,0.4,980431,474.5551791,77811.98413,54468.38889
264,Rodney Stuckey\stuckro01,PG,29,IND,58,1275,12.6,0.504,0.187,0.357,1.6,11.7,6.7,17.2,1.7,0.5,12.9,20.3,0.5,1.5,2,0.077,-2.1,-0.3,-2.5,-0.2,7000000,5490.196078,555555.5556,344827.5862
265,Darrell Arthur\arthuda01,PF,27,DEN,70,1516,12.5,0.514,0.239,0.108,6.2,15.4,10.7,10,1.8,2.6,11.4,16.7,1,1.3,2.3,0.072,-1.2,0.8,-0.3,0.6,8070175,5323.334433,645614,483244.012
266,Tyler Hansbrough\hansbty01,PF,30,CHO,44,343,12.5,0.522,0.042,0.915,12.6,15.8,14.2,3.5,1.8,1.7,10.8,14.7,0.5,0.5,1,0.134,-2.6,-0.1,-2.7,-0.1,#N/A,#N/A,#N/A,#N/A
267,Frank Kaminsky\kaminfr01,C,22,CHO,81,1708,12.5,0.513,0.385,0.282,4.4,17.2,10.7,9,1.1,2,8.9,17.1,1.2,2.1,3.3,0.093,-1.6,0.4,-1.2,0.3,2730000,1598.360656,218400,159649.1228
268,Sasha Kaun\kaunsa01,C,30,CLE,25,95,12.5,0.527,0,0.647,14.4,16.5,15.5,4.5,2.2,4.3,24.3,13.7,0,0.2,0.2,0.096,-3.5,2.7,-0.8,0,1333420,14036,106673.6,97329.92701
269,Lavoy Allen\allenla01,PF,26,IND,79,1599,12.4,0.532,0,0.197,11.1,17.8,14.5,7.1,0.8,2.1,14.6,13,1.6,2.1,3.7,0.11,-2.1,1.4,-0.6,0.6,4000000,2501.563477,322580.6452,307692.3077
270,Jerryd Bayless\bayleje01,SG,27,MIL,52,1505,12.4,0.568,0.529,0.206,1.6,9,5.4,16.2,1.6,0.6,13.3,16.4,1.8,0.6,2.4,0.075,1.1,-2.1,-1,0.4,9424084,6261.849834,760006.7742,574639.2683
271,Kentavious Caldwell-Pope\caldwke01,SG,22,DET,76,2789,12.4,0.521,0.384,0.238,2.6,8.6,5.5,7.8,2,0.5,9,18.2,2.6,2.7,5.3,0.092,0.6,0.6,1.1,2.2,3678319,1318.866619,296638.629,202105.4396
272,Andrew Goudelock\goudean01,PG,27,HOU,8,50,12.4,0.506,0.45,0.2,2.2,2.2,2.2,13.3,5.9,3.3,24.3,24.8,-0.1,0.1,0,-0.033,-4.1,0.6,-3.6,0,#N/A,#N/A,#N/A,#N/A
273,Erick Green\greener01,PG,24,TOT,9,42,12.4,0.468,0.385,0.154,8.4,8.2,8.3,11,1.3,0,0,15.2,0.1,0,0.1,0.121,0.1,-2.2,-2,0,#N/A,#N/A,#N/A,#N/A
274,Jordan Hamilton\hamiljo02,SF,25,NOP,11,304,12.4,0.499,0.388,0.181,4.2,18.9,11.3,12.9,1.3,0.8,12,20.7,0,0.2,0.2,0.03,-1.2,-1,-2.2,0,#N/A,#N/A,#N/A,#N/A
275,Spencer Hawes\hawessp01,PF,27,CHO,57,1035,12.4,0.508,0.333,0.212,5.3,20.6,12.9,16.3,1.1,2.1,14.8,17.1,0.6,1.4,1.9,0.09,-1.9,1.3,-0.6,0.4,6348759,6134.066667,511996.6935,371272.4561
276,Cory Joseph\josepco01,SG,24,TOR,80,2046,12.4,0.512,0.188,0.297,2.2,9.4,5.9,19.3,1.6,0.8,13.4,17,1.8,1.7,3.5,0.082,-0.6,-0.4,-1,0.5,7330000,3582.600196,591129.0323,431176.4706
277,Alex Len\lenal01,C,22,PHO,78,1821,12.4,0.482,0.011,0.383,10.4,25.4,17.7,8.5,1,2.8,16.6,20.4,-0.5,1.8,1.3,0.035,-4.4,0.7,-3.6,-0.7,4823621,2648.885777,389001.6935,236452.0098
278,Thabo Sefolosha\sefolth01,SF,31,ATL,75,1758,12.4,0.578,0.333,0.266,3.3,17.1,10.4,8.8,2.4,1.7,14.1,12.3,1.3,3.2,4.5,0.122,-1.7,2.8,1.1,1.4,3850000,2189.988623,310483.871,313008.1301
279,J.R. Smith\smithjr01,SG,30,CLE,77,2362,12.4,0.542,0.6,0.084,2.1,8.3,5.2,8.5,1.8,0.7,6.3,18,3,2.5,5.5,0.111,1.8,-0.4,1.3,2,12800000,5419.136325,1032258.065,711111.1111
280,Mo Williams\willima01,PG,33,CLE,41,748,12.4,0.527,0.338,0.139,0.9,9.9,5.4,21.1,1,0.5,15.1,22.8,0.4,0.7,1.1,0.067,-1.3,-2.1,-3.3,-0.2,2200000,2941.176471,177419.3548,96491.22807
281,Justin Anderson\anderju01,SF,22,DAL,55,647,12.3,0.522,0.474,0.314,3.1,19.3,11.2,6.8,1.5,3.2,10.8,15.8,0.3,0.8,1.1,0.083,-2.5,1.3,-1.2,0.1,1514160,2340.278207,123102.439,95832.91139
282,Harrison Barnes\barneha02,SF,23,GSW,66,2042,12.3,0.559,0.338,0.212,4.3,12.4,8.6,7.8,1,0.4,7.6,15.9,3.1,1.9,4.9,0.116,0.4,-0.6,-0.2,0.9,22116750,10830.92556,1798109.756,1390990.566
283,Tarik Black\blackta01,C,24,LAL,39,496,12.3,0.537,0,0.433,9.2,25.4,17,5.2,1.4,2.9,15.1,12.9,0.3,0.4,0.7,0.072,-4,0.6,-3.4,-0.2,6191000,12481.85484,503333.3333,479922.4806
284,Jose Calderon\caldejo01,PG,34,NYK,72,2024,12.3,0.571,0.446,0.105,1.2,11,6.2,22.4,1.6,0.3,15.4,12.6,2.7,1.4,4,0.096,0.5,-0.6,-0.1,1,7708427,3808.511364,626701.3821,611779.9206
285,Kevin Garnett\garneke01,PF,39,MIN,38,556,12.3,0.491,0.009,0.183,3.2,27.9,15.7,16.4,2.5,1.5,11.4,11.3,0.4,0.7,1.1,0.092,-2.5,2.5,0,0.3,8000000,14388.48921,650406.5041,707964.6018
286,Ryan Hollins\holliry01,C,31,TOT,37,460,12.3,0.636,0,0.532,11.2,13.2,12.1,3.3,0.7,4.2,19.8,11.8,0.6,0.3,1,0.1,-2,0.2,-1.8,0,#N/A,#N/A,#N/A,#N/A
287,Allen Crabbe\crabbal01,SG,23,POR,81,2105,12.2,0.572,0.42,0.167,1.4,9.7,5.6,7.2,1.5,0.6,8.1,16.4,3.1,1.2,4.3,0.098,0.4,-1.1,-0.7,0.7,18500000,8788.598575,1516393.443,1128048.78
288,Solomon Hill\hillso01,SF,24,IND,59,866,12.2,0.543,0.356,0.202,4.9,15.9,10.5,9.6,2.1,1,12.7,13.2,0.8,1.3,2.1,0.117,-1.3,1.3,0,0.4,11241218,12980.62125,921411.3115,851607.4242
289,Andre Iguodala\iguodan01,SF,32,GSW,65,1732,12.2,0.565,0.418,0.226,3.4,12.4,8.2,16.3,2,0.8,16.3,12.1,2.3,2.1,4.4,0.122,0.3,1.3,1.6,1.6,11131368,6426.886836,912407.2131,919947.7686
290,Chris McCullough\mcculch01,PF,20,BRK,24,362,12.2,0.47,0.312,0.211,7.6,13.6,10.5,3.7,3.9,2.7,11.2,16.5,-0.1,0.4,0.3,0.043,-2.1,1.1,-1,0.1,1191480,3291.381215,97662.29508,72210.90909
291,Markieff Morris\morrima02,PF,26,TOT,64,1629,12.2,0.489,0.216,0.205,4.8,19.3,11.9,12.7,1.7,1.7,14.7,24.2,-1.2,1.7,0.5,0.015,-2.9,0.1,-2.8,-0.3,7400000,4542.664211,606557.377,305785.124
292,Reggie Bullock\bullore01,SF,24,DET,37,429,12,0.583,0.541,0.153,3.4,14.3,8.6,9.2,1.2,0.4,7.1,11.4,0.8,0.4,1.2,0.134,0,0,0,0.2,2255644,5257.911422,187970.3333,197863.5088
293,Jimmer Fredette\fredeji01,SG,26,TOT,6,18,12,0.625,0.4,1,0,0,0,7.7,2.8,0,21.7,22.8,0,0,0,0,-2.3,-5.3,-7.5,0,#N/A,#N/A,#N/A,#N/A
294,Joe Johnson\johnsjo02,SF,34,TOT,81,2703,12,0.538,0.364,0.165,2,10.2,6.1,18,1.1,0.1,14.7,17.9,1.9,0.8,2.7,0.048,0.3,-1.6,-1.3,0.4,11000000,4069.552349,916666.6667,614525.1397
295,Devin Booker\bookede01,SG,19,PHO,76,2108,11.9,0.535,0.333,0.295,1.4,8.4,4.8,15.8,1,0.8,14,23,1.2,0.7,1.9,0.043,-0.6,-2.4,-3.1,-0.6,2223600,1054.83871,186857.1429,96678.26087
296,DeMarre Carroll\carrode01,SF,29,TOR,26,786,11.9,0.49,0.437,0.185,4.6,13.1,8.9,5.5,2.9,0.6,8.8,18.5,0.2,1,1.2,0.074,0,0.3,0.2,0.4,14200000,18066.15776,1193277.311,767567.5676
297,Raymond Felton\feltora01,PG,31,DAL,80,2192,11.9,0.502,0.312,0.258,1.8,11.1,6.5,20.3,1.6,0.6,13.7,18.4,1,1.7,2.7,0.059,-1.1,0.2,-0.9,0.6,1551659,707.8736314,130391.5126,84329.29348
298,Jonathon Simmons\simmojo02,SG,26,SAS,55,813,11.9,0.586,0.194,0.38,2.3,10.8,6.7,10.4,1.5,0.5,15.8,18.9,0.7,1.3,2,0.119,-1.1,0.2,-1,0.2,874636,1075.813038,73498.82353,46277.03704
299,Charlie Villanueva\villach01,PF,31,DAL,62,665,11.9,0.473,0.526,0.073,4,21.1,12.5,6.2,1.4,1.9,8.4,25.3,-0.6,0.8,0.2,0.016,-2.8,-1.8,-4.6,-0.4,#N/A,#N/A,#N/A,#N/A
300,Andrea Bargnani\bargnan01,C,30,BRK,46,634,11.8,0.5,0.057,0.204,4.9,12.4,8.6,4.8,0.3,1.1,7.9,23.2,0.1,0,0.2,0.013,-3.7,-4.2,-7.9,-0.9,323599,510.4085174,27423.64407,13948.23276
301,Aaron Brooks\brookaa01,PG,31,CHI,69,1108,11.8,0.494,0.394,0.136,2,7.5,4.8,26,1.4,0.7,14.2,22.9,0.2,0.7,0.9,0.04,-0.5,-2.8,-3.3,-0.4,2700000,2436.823105,228813.5593,117903.9301
302,Leandro Barbosa\barbole01,SG,33,GSW,68,1079,11.7,0.545,0.297,0.168,3,8.4,5.8,10.6,2,0.7,11.8,18.1,0.9,1.2,2.1,0.092,-1.2,-0.9,-2.1,0,4000000,3707.136237,341880.3419,220994.4751
303,Matt Barnes\barnema02,SF,35,MEM,76,2190,11.7,0.503,0.534,0.199,4.2,18.3,10.9,11.6,1.8,2.4,13.8,17.9,0.4,2.2,2.6,0.056,-0.4,0.8,0.4,1.3,6125000,2796.803653,523504.2735,342178.7709
304,Jared Dudley\dudleja01,PF,30,WAS,81,2098,11.7,0.602,0.489,0.201,2.8,12.6,7.6,11.4,1.7,0.7,13.1,12.7,2.6,2,4.6,0.105,0.3,0.6,1,1.6,10470000,4990.467112,894871.7949,824409.4488
305,Langston Galloway\gallola01,PG,24,NYK,82,2033,11.7,0.49,0.381,0.194,2.3,13,7.7,15.7,1.9,0.8,8.7,15.6,1.4,1.8,3.3,0.077,-0.4,0.1,-0.4,0.8,5200000,2557.79636,444444.4444,333333.3333
306,Tim Hardaway\hardati02,SG,23,ATL,51,864,11.7,0.563,0.536,0.211,0.9,9.8,5.4,8.9,1.2,0.6,7.4,16.2,0.9,1,1.9,0.105,-0.9,-1.2,-2.1,0,2281605,2640.746528,195008.9744,140839.8148
307,Cliff Alexander\alexacl01,PF,20,POR,8,36,11.6,0.5,0,0,6,12.1,9,0,1.4,4.4,9.1,13.3,0,0,0,0.052,-5.7,-1.3,-7,0,#N/A,#N/A,#N/A,#N/A
308,Luke Babbitt\babbilu01,SF,26,NOP,47,845,11.6,0.526,0.377,0.173,3.2,16.7,9.7,9.6,0.6,0.7,6.9,17.5,0.8,0.3,1.1,0.064,-0.9,-2,-2.9,-0.2,1227000,1452.071006,105775.8621,70114.28571
309,James Jones\jonesja02,SF,35,CLE,48,463,11.6,0.58,0.732,0.183,2,10.2,6.1,4.5,1.2,1.8,7.8,16.2,0.7,0.5,1.2,0.12,0.3,-1.3,-1,0.1,1551659,3351.315335,133763.7069,95781.41975
310,Trey Lyles\lylestr01,PF,20,UTA,80,1382,11.6,0.517,0.294,0.188,5,20.2,12.6,7.1,1,1.1,12.1,17.9,0.6,1.7,2.3,0.079,-2.4,-0.4,-2.8,-0.3,2340600,1693.632417,201775.8621,130759.7765
311,Ian Clark\clarkia01,SG,24,GSW,66,578,11.5,0.544,0.416,0.168,2.6,9.7,6.3,15.3,1.4,1.7,16.5,19.5,0.3,0.6,0.9,0.075,-1.8,-1.3,-3,-0.2,1015696,1757.259516,88321.3913,52086.97436
312,Courtney Lee\leeco01,SG,30,TOT,79,2334,11.5,0.551,0.34,0.185,1.4,8.7,4.9,9.1,1.9,1.1,9.4,14.7,2.1,1.7,3.9,0.08,-0.5,-0.1,-0.6,0.9,11242000,4816.623822,977565.2174,764761.9048
313,Kevin Martin\martike02,SG,32,TOT,55,1095,11.5,0.52,0.325,0.411,1.5,10,5.8,8.2,1.2,0.2,9.8,22.6,0.7,0.5,1.2,0.054,-1.4,-3.1,-4.5,-0.7,1360305,1242.287671,118287.3913,60190.48673
314,Elton Brand\brandel01,C,36,PHI,17,225,11.4,0.461,0.014,0.125,4.2,27,15.2,13.1,2,2.7,12.6,16.9,-0.1,0.3,0.2,0.036,-5.5,1.5,-4,-0.1,1000000,4444.444444,87719.29825,59171.59763
315,James Johnson\johnsja01,PF,28,TOR,57,926,11.4,0.532,0.275,0.283,3.5,11.9,7.8,11.4,1.6,2.9,16.7,15.9,0.3,1,1.3,0.068,-1.7,1,-0.6,0.3,4000000,4319.654428,350877.193,251572.327
316,E'Twaun Moore\mooreet01,SG,26,CHI,59,1263,11.4,0.548,0.267,0.09,1.6,9.3,5.5,12.1,1.5,1,11.6,15.9,0.9,1,1.8,0.07,-1.1,-0.7,-1.8,0.1,8081363,6398.545527,708891.4912,508261.8239
317,Josh Richardson\richajo01,SG,22,MIA,52,1107,11.4,0.569,0.423,0.232,2.2,8.5,5.5,9.7,1.7,1.7,10.5,13.8,1.3,1.2,2.5,0.109,0.2,0.4,0.6,0.7,874636,790.0957543,76722.45614,63379.42029
318,Glenn Robinson\robingl02,SF,22,IND,45,508,11.4,0.508,0.245,0.258,2.6,12,7.3,7.7,1.7,1.4,9.7,16.1,0.2,0.6,0.8,0.078,-3,0,-3,-0.1,1050500,2067.913386,92149.12281,65248.4472
319,Markel Brown\brownma02,SG,24,BRK,62,982,11.3,0.5,0.376,0.292,2.6,11.5,7,13.9,2,1.2,12.9,18.9,0.2,0.4,0.6,0.031,-1.4,-1.3,-2.6,-0.2,#N/A,#N/A,#N/A,#N/A
320,Caron Butler\butleca01,SF,35,SAC,17,176,11.3,0.49,0.305,0.203,3.1,10.4,6.8,8.3,2.5,0.5,4.5,16.2,0.1,0.1,0.3,0.071,-1.5,-1.1,-2.6,0,517220,2938.75,45771.68142,31927.16049
321,Matthew Dellavedova\dellama01,PG,25,CLE,76,1867,11.3,0.527,0.468,0.129,2,7.8,4.9,26.2,1.2,0.4,17.7,15.9,2.2,1.6,3.8,0.098,-0.2,-1.4,-1.6,0.2,9607500,5145.956079,850221.2389,604245.283
322,Meyers Leonard\leoname01,PF,23,POR,61,1333,11.3,0.561,0.524,0.106,4.1,21.4,12.8,10.6,0.3,1.1,14.5,17.4,1.2,1,2.2,0.078,-0.5,-1,-1.5,0.2,9213484,6911.84096,815352.5664,529510.5747
323,Donatas Motiejunas\motiedo01,PF,25,HOU,37,547,11.3,0.504,0.278,0.259,7.4,14.6,11,12.2,1.5,0.8,16.2,21.4,0,0.3,0.3,0.026,-2.5,-1.9,-4.3,-0.3,#N/A,#N/A,#N/A,#N/A
324,Marcus Smart\smartma01,PG,21,BOS,61,1667,11.3,0.463,0.456,0.314,4.8,11.6,8.1,15.8,2.7,0.8,11.7,17.4,0.5,2.4,2.9,0.083,-0.6,1.3,0.7,1.1,3578880,2146.89862,316715.0442,205682.7586
325,Nemanja Bjelica\bjeline01,PF,27,MIN,60,1075,11.2,0.594,0.532,0.234,5.4,17.2,11.4,11.4,1.2,1.6,15.3,12.8,1.4,0.6,1.9,0.087,0.5,-0.2,0.3,0.6,3800000,3534.883721,339285.7143,296875
326,Jerian Grant\grantje02,PG,23,NYK,76,1265,11.2,0.479,0.256,0.315,2,10.2,6.2,21.8,2,0.6,16.3,19,-0.2,1,0.8,0.03,-2.3,-1.1,-3.4,-0.5,1643040,1298.84585,146700,86475.78947
327,Roy Hibbert\hibbero01,C,29,LAL,81,1878,11.2,0.507,0.005,0.353,7.3,15.8,11.4,8,0.9,4.6,13.8,12.9,1.1,1,2.2,0.056,-3.1,1.9,-1.3,0.3,5000000,2662.406816,446428.5714,387596.8992
328,Tyus Jones\jonesty01,PG,19,MIN,37,573,11.2,0.45,0.34,0.25,1.4,8,4.8,27.7,2.7,0.4,16,16.1,0,0.3,0.3,0.027,-1.7,-2,-3.7,-0.3,1339680,2338.010471,119614.2857,83209.93789
329,Isaiah Canaan\canaais01,SG,24,PHI,77,1966,11.1,0.528,0.672,0.249,1.1,8.8,4.8,11.3,1.4,0.5,10.2,19.9,0.9,0.5,1.4,0.035,0.2,-2.9,-2.7,-0.4,1015696,516.6307223,91504.14414,51040
330,Archie Goodwin\goodwar01,PG,21,PHO,57,1114,11.1,0.498,0.235,0.457,2.6,11.5,6.9,17.2,1.2,1,16.5,23.2,-0.4,0.5,0.1,0.004,-2.9,-1.7,-4.6,-0.7,2094089,1879.792639,188656.6667,90262.4569
331,Chris Kaman\kamanch01,C,33,POR,16,112,11.1,0.496,0.093,0.07,6.8,16.5,11.6,15.8,0.4,0.7,15.3,20.4,0,0.1,0.1,0.037,-3.3,-1.9,-5.1,-0.1,#N/A,#N/A,#N/A,#N/A
332,Austin Rivers\riverau01,SG,23,LAC,67,1464,11.1,0.523,0.359,0.225,1.7,7.9,4.8,10.6,1.6,0.5,9.7,19.4,0.6,1.3,1.9,0.063,-1.2,-1,-2.2,-0.1,11000000,7513.661202,990990.991,567010.3093
333,Anderson Varejao\varejan01,C,33,TOT,53,496,11.1,0.473,0.008,0.403,8.5,22.8,15.8,9.8,1.6,1.6,13.1,15,0.3,0.8,1,0.101,-3.8,1.4,-2.4,0,1984005,4000.010081,178739.1892,132267
334,Sasha Vujacic\vujacsa01,SG,31,NYK,61,908,11.1,0.503,0.516,0.141,3.2,14.6,9,14.3,1.9,0.4,13,16.8,0.3,0.8,1.1,0.06,-0.8,-0.7,-1.5,0.1,1410598,1553.522026,127080.9009,83964.16667
335,Omer Asik\asikom01,C,29,NOP,68,1178,11,0.551,0,0.574,10.9,28.7,19.5,3.1,0.9,1.6,19.7,11.4,0.7,1,1.7,0.07,-4,-0.2,-4.2,-0.7,9904494,8407.889643,900408.5455,868815.2632
336,Jarell Eddie\eddieja01,SF,24,WAS,26,147,11,0.46,0.723,0.123,1.5,16.3,8.8,5,1.7,0.6,1.4,20.7,0,0.1,0.1,0.046,-1.5,-3.2,-4.7,-0.1,175000,1190.47619,15909.09091,8454.10628
337,Wesley Johnson\johnswe01,SF,28,LAC,80,1666,11,0.513,0.6,0.089,2.5,13.6,8.1,4.4,2.7,2.6,9.2,16,0,2.7,2.6,0.076,-1.3,1.8,0.5,1,5628000,3378.151261,511636.3636,351750
338,Arron Afflalo\afflaar01,SG,30,NYK,71,2371,10.9,0.531,0.298,0.164,1.1,11,6.1,9.9,0.5,0.3,8.7,17.9,1.8,0.9,2.7,0.055,-0.6,-1.8,-2.4,-0.2,12500000,5272.037115,1146788.991,698324.0223
339,Wesley Matthews\matthwe02,SG,29,DAL,78,2644,10.9,0.532,0.615,0.171,1.1,8.8,4.9,8.9,1.5,0.5,7.8,17.2,1.9,1.8,3.7,0.067,0.8,-0.3,0.5,1.6,17100000,6467.473525,1568807.339,994186.0465
340,Doug McDermott\mcderdo01,SF,24,CHI,81,1861,10.9,0.561,0.402,0.13,2.1,8.8,5.5,5,0.4,0.2,7.2,17.3,2.1,0.7,2.8,0.073,-0.3,-2.8,-3.1,-0.5,2483040,1334.250403,227801.8349,143528.3237
341,Norris Cole\coleno01,PG,27,NOP,45,1198,10.8,0.465,0.211,0.134,0.9,13.5,7,22,1.5,0.3,12.8,21.7,-0.6,0.5,-0.1,-0.004,-2.4,-1.4,-3.7,-0.5,#N/A,#N/A,#N/A,#N/A
342,Sam Dekker\dekkesa01,SF,21,HOU,3,6,10.8,,,,0,18.5,9.2,0,8.2,0,,0,0,0,0,0.116,-5.3,5.8,0.5,0,1720560,286760,159311.1111,#DIV/0!
343,Kevin Seraphin\serapke01,C,26,NYK,48,526,10.8,0.435,0.01,0.112,6.5,19.5,13.1,14.8,0.8,5.2,16.7,22.2,-0.8,0.7,-0.2,-0.015,-5.9,1.5,-4.4,-0.3,1800000,3422.053232,166666.6667,81081.08108
344,P.J. Tucker\tuckepj01,SF,30,PHO,82,2540,10.8,0.506,0.354,0.244,6.9,15.2,10.9,10.2,2,0.6,14.7,12.7,1.5,1.9,3.5,0.066,-0.7,1.3,0.6,1.7,5300000,2086.614173,490740.7407,417322.8346
345,Bojan Bogdanovic\bogdabo02,SF,26,BRK,79,2115,10.7,0.55,0.451,0.176,1.9,11.8,6.8,7.3,0.7,0.2,12.5,19.4,0.9,0,0.9,0.021,-0.5,-2.9,-3.4,-0.8,3573020,1689.371158,333927.1028,184176.2887
346,Chase Budinger\budinch01,SF,27,TOT,66,929,10.7,0.514,0.36,0.234,5,12.6,8.8,10.2,1.7,0.9,14.3,14.5,0.4,1,1.4,0.073,-2,0.3,-1.7,0.1,#N/A,#N/A,#N/A,#N/A
347,Tyler Ennis\ennisty01,PG,21,MIL,46,654,10.7,0.51,0.209,0.182,2.3,10.7,6.6,21.9,1.9,0.1,18.6,17.1,0.1,0.3,0.4,0.03,-2.4,-2.3,-4.8,-0.5,1733880,2651.192661,162044.8598,101396.4912
348,Darrun Hilliard\hillida01,SG,22,DET,38,383,10.7,0.511,0.382,0.305,1.4,11.9,6.4,10.9,1.2,0.2,11.3,19.1,0.2,0.3,0.5,0.066,-2,-1.6,-3.6,-0.2,874060,2282.140992,81687.85047,45762.30366
349,Anthony Morrow\morroan01,SG,30,OKC,68,926,10.7,0.543,0.613,0.117,1.2,5.8,3.6,3.7,1.2,0.4,4.6,16.9,1.4,0.5,1.9,0.097,0.5,-3.2,-2.7,-0.2,3488000,3766.738661,325981.3084,206390.5325
350,K.J. McDaniels\mcdankj01,SF,22,HOU,37,235,10.6,0.522,0.347,0.417,7.5,12.3,9.9,6.5,1.5,2.1,16.6,18.7,0.1,0.1,0.2,0.043,-3.1,-1.9,-5,-0.2,3333333,14184.39574,314465.3774,178253.1016
351,Patrick Patterson\pattepa01,PF,26,TOR,79,2020,10.6,0.534,0.594,0.069,4.4,14.8,9.7,7.1,1.4,1.3,11.3,12.9,1.6,2,3.6,0.086,0.4,0.6,1,1.5,6050000,2995.049505,570754.717,468992.2481
352,Phil Pressey\pressph01,PG,24,TOT,23,283,10.6,0.433,0.231,0.321,1.1,11.1,6,40.7,3.1,1.1,27,18.7,-0.4,0.3,-0.1,-0.017,-4.8,-1.5,-6.4,-0.3,35000,123.6749117,3301.886792,1871.657754
353,Josh Smith\smithjo03,PF,30,TOT,55,880,10.6,0.439,0.41,0.192,6.4,17.4,11.9,15.9,1.9,4.3,16.9,22.9,-1.2,1.2,0,0,-3.6,1.6,-2,0,5400000,6136.363636,509433.9623,235807.8603
354,Danny Green\greenda02,SG,28,SAS,79,2062,10.5,0.492,0.622,0.082,2.7,13.6,8.4,9.3,2,2.4,11.4,14.6,0.2,4.1,4.2,0.099,-0.2,3,2.7,2.5,10000000,4849.660524,952380.9524,684931.5068
355,Russ Smith\smithru01,PG,24,MEM,15,66,10.5,0.415,0.227,0.591,1.7,14.4,7.8,25.4,3.9,1.4,20.2,23.6,-0.1,0.1,-0.1,-0.041,-5,0.3,-4.8,0,#N/A,#N/A,#N/A,#N/A
356,Anthony Bennett\bennean01,PF,22,TOR,19,84,10.4,0.446,0.519,0.37,8.3,22.8,15.7,0,3.1,0,11.3,19.2,0,0.1,0.1,0.054,-4.8,-4.6,-9.4,-0.2,1015696,12091.61905,97663.07692,52900.83333
357,Marcelo Huertas\huertma01,PG,32,LAL,53,869,10.4,0.488,0.265,0.126,2.2,9.2,5.6,33.9,1.5,0.6,24.8,16.3,-0.2,0.1,-0.1,-0.006,-3.1,-2.9,-6,-0.9,1500000,1726.121979,144230.7692,92024.53988
358,Robert Sacre\sacrero01,C,26,LAL,25,320,10.4,0.474,0,0.507,10.4,13.9,12.1,6.9,0.6,2.5,11.6,14.3,0.2,0.1,0.3,0.04,-3.5,-0.8,-4.3,-0.2,#N/A,#N/A,#N/A,#N/A
359,Lance Thomas\thomala01,PF,27,NYK,59,1313,10.4,0.557,0.285,0.312,2.9,8,5.4,6.4,0.9,0.4,11.6,16.9,1.2,0.5,1.7,0.062,-1.2,-2.1,-3.2,-0.4,6191000,4715.156131,595288.4615,366331.3609
360,Joe Ingles\inglejo01,SF,28,UTA,81,1241,10.3,0.572,0.722,0.062,1.8,12.4,7.1,12.1,2.3,0.3,17.9,13.5,0.7,1.6,2.3,0.089,-0.3,0.4,0.1,0.7,2250000,1813.053989,218446.6019,166666.6667
361,Jonas Jerebko\jerebjo01,PF,28,BOS,78,1176,10.3,0.531,0.378,0.273,6.8,19.4,13,7.4,0.8,1.6,14,13.5,0.9,1.5,2.4,0.097,-2.5,0.4,-2,0,5000000,4251.70068,485436.8932,370370.3704
362,Dahntay Jones\jonesda02,SF,35,CLE,1,42,10.3,0.464,0.143,0,2.7,10.7,6.7,7.3,1.2,3.9,0,15.1,0,0.1,0.1,0.096,-3.1,0.9,-2.2,0,#N/A,#N/A,#N/A,#N/A
363,Ryan Kelly\kellyry01,PF,24,LAL,36,470,10.3,0.44,0.248,0.362,4.6,23.7,13.8,6.9,1.4,1.7,9.4,17.9,-0.3,0.3,0.1,0.005,-4.9,-1.1,-6,-0.5,#N/A,#N/A,#N/A,#N/A
364,Raul Neto\netora01,PG,23,UTA,81,1499,10.2,0.53,0.388,0.167,1.3,8,4.7,18.7,2.2,0.1,19.5,17.2,0.2,1.6,1.8,0.058,-1.6,-0.7,-2.3,-0.1,937800,625.6170781,91941.17647,54523.25581
365,Pablo Prigioni\prigipa01,PG,38,LAC,59,823,10.2,0.482,0.646,0.054,5.1,9.9,7.5,21.8,3.2,0.1,24.6,11,0.3,1.1,1.5,0.087,-1.1,1.5,0.4,0.5,1050961,1276.987849,103035.3922,95541.90909
366,Andre Roberson\roberan03,SG,24,OKC,70,1553,10.2,0.566,0.376,0.197,5.9,11.4,8.8,4,1.7,2,10.5,9.1,1.8,1.6,3.4,0.105,0,1.3,1.4,1.3,2183072,1405.712814,214026.6667,239898.022
367,Jason Terry\terryja01,SG,38,HOU,72,1258,10.2,0.54,0.694,0.088,1.2,5.7,3.5,12.4,1.8,0.6,11.1,15,1.1,0.4,1.5,0.057,-0.2,-2.6,-2.8,-0.3,1551659,1233.433227,152123.4314,103443.9333
368,Anthony Tolliver\tollian01,PF,30,DET,72,1341,10.2,0.543,0.819,0.142,3.1,16.1,9.3,5.6,1,0.9,7.4,12.4,1.5,1.3,2.8,0.1,0,0,0,0.7,8000000,5965.697241,784313.7255,645161.2903
369,Wayne Ellington\ellinwa01,SG,28,BRK,76,1615,10.1,0.498,0.478,0.112,1.4,10.9,6.1,7.8,1.5,0.3,7.1,17.5,0.5,0.3,0.8,0.025,-0.9,-2.3,-3.2,-0.5,6000000,3715.170279,594059.4059,342857.1429
370,Gerald Green\greenge01,SG,30,MIA,69,1557,10.1,0.491,0.443,0.157,1.9,9.7,5.9,5.6,1.3,0.9,6.8,19.8,0.3,1.4,1.7,0.052,-1.2,-1.8,-3,-0.4,1410598,905.9717405,139663.1683,71242.32323
371,Brandon Rush\rushbr01,SG,30,GSW,72,1055,10.1,0.56,0.604,0.108,2.3,15.4,9.2,7,0.9,1.6,10.8,12.5,0.8,1.2,2,0.09,-1.2,-0.2,-1.3,0.2,3500000,3317.535545,346534.6535,280000
372,John Jenkins\jenkijo01,SG,24,TOT,43,480,10,0.522,0.319,0.15,1.8,11.3,6.5,11.7,0.8,0.2,13.7,18.1,0,0.2,0.2,0.022,-3,-2.4,-5.4,-0.4,1050961,2189.502083,105096.1,58064.14365
373,Corey Brewer\breweco01,SF,29,HOU,82,1669,9.9,0.481,0.406,0.254,2.8,10.4,6.6,10,2.5,0.9,11.3,17.8,0.1,1.2,1.2,0.035,-2.2,-1,-3.1,-0.5,7600000,4553.624925,767676.7677,426966.2921
374,Josh McRoberts\mcrobjo01,PF,28,MIA,42,595,9.9,0.453,0.331,0.27,4.3,15.3,10,19.4,1.6,0.9,15.3,15,0.1,0.7,0.8,0.064,-1.9,0.6,-1.4,0.1,5782450,9718.403361,584085.8586,385496.6667
375,Emmanuel Mudiay\mudiaem01,PG,19,DEN,68,2068,9.9,0.437,0.256,0.231,1.7,10.9,6.2,29,1.6,1.4,17.9,25.7,-3.3,1.2,-2.1,-0.049,-3.1,-1.2,-4.3,-1.2,3241800,1567.601547,327454.5455,126140.0778
376,Xavier Munford\munfoxa02,SG,23,MEM,14,244,9.9,0.481,0.299,0.182,1.3,13.7,7.2,14.3,2.7,1.1,15.3,18,-0.2,0.2,0.1,0.017,-2.9,-0.1,-3.1,-0.1,#N/A,#N/A,#N/A,#N/A
377,Joseph Young\youngjo01,PG,23,IND,41,384,9.9,0.428,0.272,0.148,1.7,12.5,7.1,26.9,1.9,0,15.5,24.4,-0.5,0.5,-0.1,-0.009,-3.9,-1.5,-5.4,-0.3,1052342,2740.473958,106297.1717,43128.77049
378,Steve Blake\blakest01,PG,35,DET,58,986,9.8,0.51,0.629,0.083,1,9.2,4.9,29.5,1.2,0.4,24.6,14.6,0.3,0.8,1.1,0.053,-1.8,-1.8,-3.5,-0.4,#N/A,#N/A,#N/A,#N/A
379,Richard Jefferson\jefferi01,SF,35,CLE,74,1326,9.7,0.585,0.554,0.279,1.3,9.6,5.5,6.4,1.3,0.9,10.9,13.4,1.4,1.3,2.7,0.099,-0.5,-0.3,-0.8,0.4,2500000,1885.369532,257731.9588,186567.1642
380,Kyle Korver\korveky01,SG,34,ATL,80,2401,9.7,0.578,0.644,0.088,0.7,10.9,5.9,9.9,1.2,1.1,13.3,13.7,1.2,2.9,4.1,0.081,-0.7,0.5,-0.2,1.1,5239437,2182.189504,540148.1443,382440.6569
381,Ty Lawson\lawsoty01,PG,28,TOT,66,1411,9.7,0.476,0.305,0.243,2,7.4,4.7,24.6,1.9,0.4,19.5,14.9,0.2,0.7,0.9,0.031,-2.7,-2,-4.6,-0.9,1315448,932.280652,135613.1959,88285.10067
382,Bryce Dejean-Jones\dejeabr01,SG,23,NOP,14,279,9.6,0.505,0.464,0.304,3.1,16.5,9.5,7.7,1.8,0.6,12.3,14.1,0,0.2,0.2,0.033,-2.2,-0.4,-2.6,0,#N/A,#N/A,#N/A,#N/A
383,Shabazz Napier\napiesh01,PG,24,ORL,55,600,9.6,0.46,0.517,0.224,1.6,8.6,5.1,23.1,1.9,0.1,17.2,19.7,-0.3,0.4,0.1,0.004,-2.3,-2.6,-4.9,-0.4,1350120,2250.2,140637.5,68534.01015
384,Ronnie Price\pricero01,PG,32,PHO,62,1211,9.6,0.517,0.649,0.136,2.2,6.8,4.4,17.9,3,0.9,17.9,13.7,0.4,1,1.4,0.056,-0.7,-0.1,-0.8,0.4,2557545,2111.928159,266410.9375,186682.1168
385,Jameer Nelson\nelsoja01,PG,33,DEN,39,1036,9.5,0.464,0.469,0.114,2,10.4,6.2,27.3,1.2,0.4,17,16.4,0.1,0.4,0.5,0.024,-1.2,-1.9,-3.1,-0.3,4540525,4382.746139,477950,276861.2805
386,Beno Udrih\udrihbe01,PG,33,TOT,44,707,9.5,0.496,0.222,0.101,1.3,10,5.8,24.9,1,0.1,20.4,16.7,-0.1,0.5,0.4,0.029,-2.8,-2,-4.8,-0.5,1551659,2194.708628,163332.5263,92913.71257
387,Marco Belinelli\belinma01,SG,29,SAC,68,1672,9.4,0.5,0.468,0.217,0.7,6.9,3.8,11.1,1.1,0.1,10.3,19.7,0.2,0.3,0.5,0.014,-1.3,-2.9,-4.2,-0.9,6333333,3787.878589,673758.8298,321488.9848
388,Mario Hezonja\hezonma01,SF,20,ORL,79,1413,9.4,0.541,0.459,0.129,2.2,11.8,6.9,11.2,1.4,1,18,16.9,-0.1,1,0.9,0.029,-1.9,-0.9,-2.8,-0.3,3909840,2767.048832,415940.4255,231351.4793
389,Justin Holiday\holidju01,SG,26,TOT,53,773,9.4,0.489,0.461,0.162,1.7,10.5,6.2,10.7,2.1,1.8,13.8,16.2,-0.3,0.9,0.6,0.04,-2.7,0.3,-2.5,-0.1,1015696,1313.966365,108052.766,62697.28395
390,Dion Waiters\waitedi01,SG,24,OKC,78,2152,9.4,0.492,0.34,0.222,1.9,8,5.1,10,1.9,0.5,13.4,17.7,0.3,1.8,2.1,0.046,-1.5,-0.6,-2.1,-0.1,2898000,1346.654275,308297.8723,163728.8136
391,Garrett Temple\templga01,SF,29,WAS,80,1951,9.3,0.52,0.511,0.248,2,10.3,6.1,10,1.7,0.7,10.3,14,1,1.7,2.7,0.066,-1,0.1,-1,0.5,8000000,4100.461302,860215.0538,571428.5714
392,Alan Anderson\anderal01,SG,33,WAS,13,192,9.2,0.495,0.627,0.254,0.6,15.5,7.9,10.3,1,0.4,3,15.4,0.2,0.2,0.3,0.078,-1.2,-1.7,-2.8,0,1315448,6851.291667,142983.4783,85418.7013
393,Nik Stauskas\stausni01,SG,22,PHI,73,1809,9.2,0.517,0.596,0.217,1.3,10,5.5,12,1.2,0.8,13.6,16.7,0,0.5,0.5,0.012,-1.7,-1.9,-3.6,-0.7,2993040,1654.527363,325330.4348,179223.9521
394,Hollis Thompson\thompho01,SG,24,PHI,77,2154,9.2,0.525,0.576,0.141,2.6,11.4,6.9,7.4,0.8,0.8,9.5,16.2,0.7,0.5,1.2,0.026,-1.1,-2,-3.1,-0.6,1015696,471.5394615,110401.7391,62697.28395
395,Mike Dunleavy\dunlemi02,SF,35,CHI,31,703,9.1,0.543,0.527,0.197,1.2,11,6.2,8.1,1,1,11.3,14.4,0.4,0.5,0.9,0.063,-1.2,-0.9,-2.1,0,4837500,6881.223329,531593.4066,335937.5
396,Udonis Haslem\hasleud01,PF,35,MIA,37,260,9.1,0.434,0.148,0.262,4.5,27.4,16.3,7.6,1,0.6,6.8,12.8,0,0.4,0.4,0.072,-4.6,0.1,-4.5,-0.2,4000000,15384.61538,439560.4396,312500
397,Ray McCallum\mccalra01,PG,24,TOT,41,475,9.1,0.449,0.288,0.103,1.9,9.3,5.6,18.5,1.3,1.2,13.6,16.8,-0.2,0.5,0.3,0.034,-2.9,-0.8,-3.8,-0.2,#N/A,#N/A,#N/A,#N/A
398,Nick Young\youngni01,SG,30,LAL,54,1033,9.1,0.483,0.637,0.204,1.4,9,5.1,5.4,1.1,0.5,6.9,18.5,0.1,0,0.1,0.003,-1.4,-3.5,-4.8,-0.7,5443918,5270.007744,598232.7473,294265.8378
399,Spencer Dinwiddie\dinwisp01,PG,22,DET,12,159,8.9,0.423,0.185,0.611,2.6,9.3,5.8,20.9,1,0,9.3,20.7,0,0.1,0.1,0.028,-3.1,-2,-5.1,-0.1,#N/A,#N/A,#N/A,#N/A
400,Briante Weber\weberbr01,PG,23,TOT,7,169,8.9,0.38,0.128,0.103,5.2,11.9,8.4,18.6,2.7,1.6,18.1,13.2,-0.2,0.2,0,0.004,-3.6,1.5,-2.1,0,328000,1940.828402,36853.93258,24848.48485
401,Stanley Johnson\johnsst04,SF,19,DET,73,1687,8.7,0.46,0.342,0.17,3.6,16.7,9.9,10.8,1.6,0.5,15,19.6,-1.3,1.9,0.6,0.018,-3.1,0.5,-2.6,-0.2,2969880,1760.450504,341365.5172,151524.4898
402,Dante Cunningham\cunnida01,SF,28,NOP,80,1971,8.6,0.54,0.422,0.199,3.1,10.4,6.6,5.6,1.1,1.4,8.4,11,1.5,0.7,2.1,0.052,-1.1,-0.1,-1.2,0.4,2978250,1511.035008,346308.1395,270750
403,Ben McLemore\mclembe01,SG,22,SAC,68,1443,8.6,0.531,0.407,0.226,2.6,8.5,5.6,7.9,1.7,0.6,16.5,17.6,-0.4,0.7,0.3,0.01,-2,-1.2,-3.2,-0.4,4008882,2778.158004,466149.0698,227777.3864
404,Noah Vonleh\vonleno01,PF,20,POR,78,1174,8.6,0.471,0.165,0.183,8.4,19.8,14.1,3.7,1.2,1.7,14.3,13,0,1.1,1.2,0.047,-4,0,-4,-0.6,2751360,2343.577513,319925.5814,211643.0769
405,C.J. Watson\watsocj01,PG,31,ORL,33,656,8.6,0.461,0.35,0.285,1.7,9.6,5.6,18.1,1.4,0.6,14,12.1,0.2,0.4,0.6,0.047,-2.5,-0.8,-3.3,-0.2,5000000,7621.95122,581395.3488,413223.1405
406,Sergey Karasev\karasse01,SF,22,BRK,40,399,8.5,0.562,0.5,0.378,2.2,14.3,8.2,12.2,0.8,0.4,20.3,12.1,0.2,0.1,0.3,0.031,-2.4,-1.7,-4.2,-0.2,#N/A,#N/A,#N/A,#N/A
407,Alonzo Gee\geeal01,SF,28,NOP,73,1632,8.4,0.572,0.235,0.259,3.9,13,8.3,6.2,1.9,0.7,16.2,9.2,1,0.9,1.9,0.056,-1.8,1,-0.8,0.5,1400000,857.8431373,166666.6667,152173.913
408,Iman Shumpert\shumpim01,SG,25,CLE,54,1316,8.4,0.475,0.479,0.167,2.8,14.6,8.7,9.8,2.1,1.2,14.8,13.2,-0.1,1.8,1.7,0.063,-2.1,1.9,-0.2,0.6,9700000,7370.820669,1154761.905,734848.4848
409,Justise Winslow\winslju01,SF,19,MIA,78,2232,8.4,0.489,0.251,0.253,4.2,15.8,10.2,7.4,1.6,0.9,15.6,12.5,-0.2,2.7,2.5,0.054,-2.2,1.6,-0.6,0.8,2593440,1161.935484,308742.8571,207475.2
410,Jeff Ayres\pendeje02,C,28,LAC,17,107,8.3,0.585,0.043,0.261,4.1,18.1,11.2,6.9,0,2.2,19,13.4,0.1,0.1,0.2,0.077,-4.7,0.1,-4.6,-0.1,#N/A,#N/A,#N/A,#N/A
411,JaKarr Sampson\sampsja02,SF,22,TOT,73,1160,8.3,0.504,0.199,0.385,4.2,14,9,6.2,1,2.2,15.9,16.6,-0.5,0.6,0.1,0.006,-4.6,-0.8,-5.4,-1,#N/A,#N/A,#N/A,#N/A
412,Metta World Peace\artesro01,SF,36,LAL,35,590,8.3,0.435,0.475,0.322,3.4,13.2,8.1,7.2,1.9,1.5,6.9,16.2,-0.2,0.3,0.1,0.008,-2.8,-1,-3.8,-0.3,1551659,2629.930508,186946.8675,95781.41975
413,Chris Johnson\johnsch04,SF,25,UTA,70,857,8.2,0.482,0.51,0.216,3.7,14.3,9,8,2,2,15.8,13.6,-0.1,1.2,1.1,0.059,-2.7,1.3,-1.4,0.1,#N/A,#N/A,#N/A,#N/A
414,Kelly Oubre\oubreke01,SF,20,WAS,63,671,8.2,0.507,0.374,0.232,4.1,18.4,11.1,2.8,1.6,0.8,12.8,17.4,-0.3,0.7,0.4,0.031,-4.3,-1.6,-5.8,-0.7,2006640,2990.52161,244712.1951,115324.1379
415,Paul Pierce\piercpa01,SF,38,LAC,68,1231,8.2,0.489,0.61,0.166,1.1,15.2,8.2,8.5,1.3,1.1,12,17.8,-0.6,1.4,0.9,0.033,-2.5,-0.3,-2.8,-0.3,3500000,2843.216897,426829.2683,196629.2135
416,Greg Smith\smithgr02,PF,25,MIN,18,192,7.9,0.545,0,0.531,7.4,17.9,12.7,4.6,1.1,0.4,15.1,10.8,0.1,0.1,0.2,0.045,-3,-1.2,-4.3,-0.1,#N/A,#N/A,#N/A,#N/A
417,Nick Collison\collini01,PF,35,OKC,59,699,7.7,0.498,0.018,0.303,11.2,15.2,13.3,9.6,1.1,1.7,28.8,10.6,0.1,0.7,0.8,0.053,-2.5,1.3,-1.2,0.1,3750000,5364.806867,487012.987,353773.5849
418,R.J. Hunter\hunterj01,SG,22,BOS,36,315,7.7,0.48,0.643,0.071,0.7,12,6.2,5.9,2.2,1,9.8,15.1,-0.1,0.4,0.3,0.045,-3.1,-0.4,-3.5,-0.1,1200240,3810.285714,155875.3247,79486.09272
419,O.J. Mayo\mayooj01,SG,28,MIL,41,1090,7.7,0.474,0.505,0.125,1.4,9.6,5.5,15.8,2.2,0.6,17.5,17,-0.7,0.6,-0.1,-0.005,-2,-1.5,-3.5,-0.4,#N/A,#N/A,#N/A,#N/A
420,Randy Foye\foyera01,SG,32,TOT,81,1642,7.6,0.461,0.519,0.154,1.6,8.8,5.2,14.1,1.2,1.4,14.3,15.9,-0.4,0.9,0.4,0.012,-2.3,-1.3,-3.6,-0.6,2500000,1522.533496,328947.3684,157232.7044
421,Drew Gooden\goodedr01,PF,34,WAS,30,305,7.5,0.376,0.398,0.136,10.1,21.3,15.6,6,1.3,2.9,10.6,17.5,-0.4,0.4,0,-0.005,-5.1,0.1,-5,-0.2,#N/A,#N/A,#N/A,#N/A
422,Mitch McGary\mcgarmi01,PF,23,OKC,20,72,7.4,0.474,0.174,0.435,6.4,20.1,13.6,6,0.7,2.1,20.3,20.4,-0.1,0.1,0,-0.018,-6.2,-1.5,-7.7,-0.1,1526040,21195,206221.6216,74805.88235
423,Eric Moreland\moreler01,PF,24,SAC,8,48,7.4,0.515,0,0.667,6.8,17.9,12.4,2.7,0,6.7,27.9,9.5,0,0,0,0.012,-6.5,1.9,-4.5,0,#N/A,#N/A,#N/A,#N/A
424,Johnny O'Bryant\obryajo01,PF,22,MIL,66,857,7.4,0.441,0.005,0.191,8.7,14.7,11.7,5.4,1.1,0.8,12,13.5,-0.2,0.4,0.3,0.014,-4.3,-1.7,-6,-0.9,#N/A,#N/A,#N/A,#N/A
425,Greivis Vasquez\vasqugr01,PG,29,MIL,23,460,7.4,0.435,0.529,0.188,1.3,10.3,5.8,28.5,1.1,0,21.1,18.5,-0.4,0.1,-0.3,-0.033,-3,-3.9,-6.9,-0.6,4347826,9451.795652,587544.0541,235017.6216
426,Shayne Whittington\whittsh01,PF,24,IND,7,41,7.4,0.463,0.182,0.182,13.4,18.6,16,10.9,1.2,2,29.6,18.1,-0.1,0.1,0,-0.009,-5.4,1,-4.5,0,#N/A,#N/A,#N/A,#N/A
427,Luc Mbah a Moute\mbahalu01,PF,29,LAC,75,1274,7.3,0.498,0.193,0.275,5.2,9.4,7.3,3.3,1.7,1.2,12.8,9.4,0.2,1.3,1.6,0.059,-3,1.5,-1.6,0.1,2203000,1729.199372,301780.8219,234361.7021
428,Kirk Hinrich\hinriki01,PG,35,TOT,46,631,7.2,0.504,0.481,0.124,1.4,10.2,5.9,16,1.2,0.2,18.1,11.6,0.1,0.5,0.6,0.044,-2.7,-1,-3.7,-0.3,#N/A,#N/A,#N/A,#N/A
429,Branden Dawson\dawsobr01,PF,22,LAC,6,29,7.1,0.46,0,0.2,7.6,7.4,7.5,0,0,2.7,0,8.5,0,0,0,0.069,-4.9,-1.7,-6.6,0,#N/A,#N/A,#N/A,#N/A
430,Axel Toupane\toupaax01,SF,23,DEN,21,305,7.1,0.49,0.571,0.243,2.9,8.5,5.6,7,1.2,1.6,7.2,12,0.2,0.1,0.3,0.049,-1.7,-1.1,-2.8,-0.1,#N/A,#N/A,#N/A,#N/A
431,P.J. Hairston\hairspj02,SF,23,TOT,66,1313,6.9,0.47,0.591,0.157,2.1,12.8,7.3,4.4,1.2,0.7,8.6,16.4,-0.6,1.1,0.6,0.021,-2.7,-1.5,-4.2,-0.7,#N/A,#N/A,#N/A,#N/A
432,Justin Harper\harpeju01,PF,26,DET,5,35,6.9,0.597,0.9,0.2,0,3.2,1.6,0,1.4,0,15.5,16,0,0,0,0.039,-1.3,-3.3,-4.6,0,#N/A,#N/A,#N/A,#N/A
433,Cameron Bairstow\bairsca01,C,25,CHI,18,103,6.8,0.391,0.125,0.2,4.2,24,14.3,8.7,1,2.1,8.4,20.3,-0.1,0.1,0,-0.004,-6.9,-0.8,-7.7,-0.1,#N/A,#N/A,#N/A,#N/A
434,Lou Amundson\amundlo01,PF,33,NYK,29,204,6.7,0.401,0,0.509,12.5,13.7,13.1,8.8,1.5,2.6,18.8,17.7,-0.3,0.2,-0.1,-0.014,-5.3,0.4,-5,-0.2,1551659,7606.171569,231590.8955,87664.35028
435,Josh Huestis\huestjo01,PF,24,OKC,5,55,6.7,0.509,0.5,0.333,4.2,15,9.9,0,0.9,2.8,17.9,13,0,0.1,0,0.01,-4.9,-2.5,-7.4,-0.1,1191480,21663.27273,177832.8358,91652.30769
436,Damien Inglis\inglida01,SF,20,MIL,20,156,6.7,0.444,0.351,0.216,1.5,21.1,11.4,9,2,1.6,21.4,14.9,-0.2,0.2,-0.1,-0.024,-6.1,-0.3,-6.4,-0.2,#N/A,#N/A,#N/A,#N/A
437,Kendall Marshall\marshke01,PG,24,PHI,30,400,6.7,0.449,0.415,0.11,0.5,7.3,3.8,28.4,2,0.4,25.8,18.3,-0.7,0.1,-0.5,-0.064,-5.5,-3.3,-8.8,-0.7,#N/A,#N/A,#N/A,#N/A
438,Kyle Singler\singlky01,SF,27,OKC,68,977,6.6,0.481,0.439,0.199,5.9,9.6,7.9,3.2,1.5,0.7,11.7,11.9,0.3,0.8,1.1,0.054,-1.7,-0.8,-2.5,-0.1,4837500,4951.381781,732954.5455,406512.605
439,Mike Miller\millemi01,SF,35,DEN,47,373,6.5,0.508,0.839,0,1.8,14.2,7.9,14.9,1.7,0.9,21.5,9.3,0.1,0.3,0.3,0.04,-2.5,-0.3,-2.7,-0.1,3500000,9383.378016,538461.5385,376344.086
440,Elijah Millsap\millsel01,SG,28,UTA,20,173,6.5,0.384,0.308,0.462,4.1,19.5,11.8,16.2,2.1,1.5,16.1,14.9,-0.2,0.3,0.1,0.033,-4.6,1.8,-2.8,0,#N/A,#N/A,#N/A,#N/A
441,Nikola Pekovic\pekovni01,C,30,MIN,12,156,6.5,0.459,0,0.4,5.3,10.3,7.8,10.7,0.3,0,13.3,19.5,-0.1,0,-0.1,-0.022,-4.7,-3.5,-8.2,-0.2,12100000,77564.10256,1861538.462,620512.8205
442,Tony Snell\snellto01,SF,24,CHI,64,1301,6.4,0.478,0.457,0.097,1.6,14.3,8.1,6.9,0.6,1,12.8,13.7,-0.5,1,0.4,0.016,-3.4,-0.7,-4.1,-0.7,2368327,1820.3897,370051.0938,172870.5839
443,Tayshaun Prince\princta01,SF,35,MIN,77,1462,6.3,0.466,0.1,0.083,2.6,9,5.8,7,1.2,0.7,10.2,8.1,0.1,0.3,0.4,0.014,-2.9,-0.2,-3.1,-0.4,#N/A,#N/A,#N/A,#N/A
444,James Anderson\anderja01,SG,26,SAC,51,721,6,0.469,0.483,0.163,2,10.9,6.5,7.7,1.4,1.6,18,13.7,-0.6,0.4,-0.3,-0.017,-3.9,-0.3,-4.2,-0.4,#N/A,#N/A,#N/A,#N/A
445,Nazr Mohammed\mohamna01,C,38,OKC,5,19,6,0.68,0,0.4,6.1,16.3,11.5,0,0,0,33.8,19.9,0,0,0,-0.009,-7.4,-5.9,-13.2,-0.1,#N/A,#N/A,#N/A,#N/A
446,Kostas Papanikolaou\papanko01,SF,25,DEN,26,294,6,0.464,0.485,0.212,3,12.3,7.5,7.8,2.2,1.4,22.5,13.9,-0.4,0.2,-0.1,-0.022,-4.5,0.1,-4.3,-0.2,#N/A,#N/A,#N/A,#N/A
447,Kendrick Perkins\perkike01,C,31,NOP,37,542,6,0.529,0,0.333,4.9,21.8,13.1,7.9,1,1.7,32.3,10.4,-0.4,0.4,-0.1,-0.007,-5.6,1.3,-4.3,-0.3,#N/A,#N/A,#N/A,#N/A
448,Jared Cunningham\cunnija01,SG,24,TOT,44,410,5.9,0.464,0.371,0.524,0.8,9.6,5.3,6.9,1.8,0.4,14,16.5,-0.3,0.4,0.1,0.014,-4.6,-1.3,-5.9,-0.4,#N/A,#N/A,#N/A,#N/A
449,Adreian Payne\paynead01,PF,24,MIN,52,486,5.6,0.422,0.221,0.179,4.8,21.5,13.3,8.9,1.7,1.8,18.7,17.7,-0.9,0.4,-0.5,-0.047,-5.9,-0.2,-6.1,-0.5,2022240,4160.987654,361114.2857,114250.8475
450,Damjan Rudez\rudezda01,SF,29,MIN,33,277,5.5,0.572,0.806,0.129,2.1,6.2,4.2,5.8,0.5,0.3,16.6,12.7,0.1,0,0.1,0.009,-1.2,-3.5,-4.7,-0.2,980431,3539.462094,178260.1818,77199.29134
451,DeJuan Blair\blairde01,C,26,WAS,29,218,5.4,0.414,0.015,0.191,10.1,19.4,14.6,7.3,1.8,0.7,16.9,17.8,-0.3,0.3,-0.1,-0.015,-6.3,-0.1,-6.4,-0.2,#N/A,#N/A,#N/A,#N/A
452,Chris Copeland\copelch01,PF,31,MIL,24,156,5.4,0.462,0.706,0.137,0.7,6.5,3.7,10.3,0.7,0,10,17.3,-0.1,0,-0.1,-0.017,-2.5,-5.2,-7.7,-0.2,#N/A,#N/A,#N/A,#N/A
453,Devyn Marble\marblde01,SG,23,ORL,28,249,5.2,0.368,0.451,0.338,2.6,14.4,8.5,6.6,2.6,0.3,7.9,15.7,-0.4,0.3,-0.1,-0.026,-4.8,-0.6,-5.5,-0.2,#N/A,#N/A,#N/A,#N/A
454,Lamar Patterson\pattela01,SG,24,ATL,35,395,5.1,0.468,0.613,0.275,1.1,12.4,6.9,13.6,1.1,0.4,20.4,12.8,-0.3,0.5,0.2,0.025,-4.6,-0.3,-4.9,-0.3,100000,253.164557,19607.84314,7812.5
455,Terry Rozier\roziete01,PG,21,BOS,39,311,5,0.326,0.255,0.094,8.1,13.5,10.8,16.5,0.9,0.3,14.7,17.7,-0.6,0.3,-0.3,-0.047,-5.9,-0.8,-6.6,-0.4,1906440,6130.032154,381288,107708.4746
456,Anthony Brown\brownan02,SF,23,LAL,29,599,4.9,0.427,0.556,0.159,1.6,11.3,6.3,4.8,1.2,0.7,10,11,-0.4,0.1,-0.3,-0.024,-4,-1.1,-5,-0.5,874636,1460.160267,178497.1429,79512.36364
457,Pat Connaughton\connapa01,SG,23,POR,34,143,4.6,0.352,0.429,0.102,8.3,15.9,12.1,9.9,0.7,0,16.3,18.7,-0.3,0.1,-0.2,-0.076,-5.8,-2.4,-8.2,-0.2,874636,6116.335664,190138.2609,46771.97861
458,Lorenzo Brown\brownlo01,PG,25,PHO,8,61,4.4,0.374,0.32,0.16,0,12.8,6.2,28,2.4,1.3,25.2,24.9,-0.3,0.1,-0.2,-0.157,-8.1,-1.4,-9.5,-0.1,#N/A,#N/A,#N/A,#N/A
459,Aaron Harrison\harriaa01,SG,21,CHO,21,93,4.3,0.371,0.526,0.632,4.7,13.1,8.8,3,3.2,0,14.1,13.7,-0.2,0.1,0,-0.014,-5.6,0.1,-5.5,-0.1,874636,9404.688172,203403.7209,63842.0438
460,Duje Dukan\dukandu01,SF,24,SAC,1,24,4.2,0.3,0.5,0,9.1,9,9,5.6,2,0,0,17.7,0,0,0,-0.057,-3.9,-2.8,-6.7,0,#N/A,#N/A,#N/A,#N/A
461,Rashad Vaughn\vaughra01,SG,19,MIL,70,1001,4.2,0.398,0.553,0.056,1.3,8.7,5,5.5,1.5,1.4,9.3,13.5,-1.2,0.4,-0.8,-0.036,-4.3,-1.9,-6.1,-1,1811040,1809.230769,431200,134151.1111
462,Sonny Weems\weemsso01,SG-SF,29,TOT,43,499,3.7,0.459,0.373,0.136,1.5,10.3,5.8,14.2,1,0.2,26,13.5,-0.7,0.1,-0.5,-0.053,-5.7,-1.8,-7.6,-0.7,#N/A,#N/A,#N/A,#N/A
463,Orlando Johnson\johnsor01,SG,26,TOT,7,101,3.6,0.346,0.294,0.235,4.2,12.3,8.1,2.7,1.5,2.4,9.6,17.8,-0.2,0.1,-0.2,-0.087,-8,-2.4,-10.4,-0.2,#N/A,#N/A,#N/A,#N/A
464,James Young\youngja01,SG,20,BOS,29,199,3.6,0.384,0.722,0.111,2.1,11.9,6.9,6,1.5,0.4,11.7,9.1,-0.2,0.2,0.1,0.013,-4.7,0.1,-4.6,-0.1,1825200,9171.859296,507000,200571.4286
465,Tibor Pleiss\pleisti01,C,26,UTA,12,82,3.5,0.464,0.08,0.08,8.6,12.8,10.7,4,0.6,2.1,23.6,19.1,-0.2,0.1,-0.1,-0.041,-7,-1.1,-8.1,-0.1,3000000,36585.36585,857142.8571,157068.0628
466,Joe Harris\harrijo01,SG,24,CLE,5,15,3.4,0.375,1,0,0,22.5,11.3,18.2,0,0,20,15.1,0,0,0,-0.032,-5,-1.6,-6.6,0,980431,65362.06667,288362.0588,64929.2053
467,Elliot Williams\williel01,PG,26,MEM,5,45,3.3,0.34,0.4,0.4,2.4,7.9,5.1,12.4,0,0,7.8,12.7,0,0,0,-0.046,-5.2,-3.5,-8.7,-0.1,250000,5555.555556,75757.57576,19685.03937
468,Nate Robinson\robinna01,PG,31,NOP,2,23,2.6,0,1,0,0,0,0,21.8,2.2,0,0,1.9,0,0,0,0.038,-6.1,-4.7,-10.8,-0.1,#N/A,#N/A,#N/A,#N/A
469,Cleanthony Early\earlycl01,SF,24,NYK,17,154,2.2,0.371,0.375,0.1,2.9,15.4,9.2,5.7,0.7,1.5,17.7,14.9,-0.3,0.1,-0.2,-0.075,-7.1,-1.1,-8.2,-0.2,#N/A,#N/A,#N/A,#N/A
470,Tony Wroten\wroteto01,PG,22,PHI,8,144,1.8,0.412,0.262,0.569,1.5,14.9,7.9,23.3,1,0,26.3,33.5,-0.8,0,-0.8,-0.263,-9.9,-3.5,-13.4,-0.4,25000,173.6111111,13888.88889,746.2686567
471,Bryce Cotton\cottobr01,PG,23,TOT,8,39,1.7,0.4,0.3,0,0,0,0,10.8,3.7,0,33.3,16.5,-0.2,0,-0.1,-0.168,-9.3,-2.7,-12,-0.1,#N/A,#N/A,#N/A,#N/A
472,Chuck Hayes\hayesch01,C,32,HOU,2,24,1.6,0.694,0,1,0,37,18.4,11.3,0,0,51,10.5,0,0,0,-0.016,-8.9,-0.6,-9.4,0,#N/A,#N/A,#N/A,#N/A
473,J.J. O'Brien\obriejj01,SF,23,UTA,2,6,1.3,0,0,0,0,19.4,9.7,0,8.8,0,0,7.7,0,0,0,-0.028,-10.2,5.5,-4.7,0,#N/A,#N/A,#N/A,#N/A
474,Luis Montero\montelu01,SG,22,POR,12,42,-2.7,0.337,0.474,0.211,0,10.3,5.2,3.5,0,0,16.2,25.7,-0.2,0,-0.2,-0.238,-11,-5.9,-16.9,-0.2,#N/A,#N/A,#N/A,#N/A
475,Keith Appling\applike01,PG,23,ORL,5,27,-4.8,0.338,0.375,0.25,0,4.2,2.1,5,1.9,0,25.3,19.5,-0.1,0,-0.1,-0.199,-10.3,-2.7,-13,-0.1,#N/A,#N/A,#N/A,#N/A
476,Bruno Caboclo\cabocbr01,SF,20,TOR,6,43,-7.7,0.125,0.583,0,2.7,2.6,2.7,3.2,2.4,1.9,25,16.9,-0.3,0,-0.3,-0.283,-11.4,-0.2,-11.6,-0.1,1589640,36968.37209,-206446.7532,94061.53846
