Rk,Player,Pos,Age,Tm,G,GS,MP,FG,FGA,FG%,3P,3PA,3P%,2P,2PA,2P%,FT,FTA,FT%,ORB,DRB,TRB,AST,STL,BLK,TOV,PF,PTS,ORtg,DRtg,TeamPace,AdjORtg,AdjDRtg,avgMin,IndPos,Ortg/Min,DRtg/Min,Diff,Salary,Dollar/OffCont,Dollar/DefCont,Dollar/ContDiff,Dollar/Minute,Dollar/game
1,Alex Abrines\abrinal01,SG,23,OKC,3,0,23,8.1,10.1,0.8,6,6,1,2,4,0.5,6,6,1,0,2,2,0,2,0,8.1,6,28.2,116,94,103.7,120.292,97.478,7.67,16.56,19.92,16.15,3.78,5994764,3669.25,371296.95,1586450.6,9535.68,73106.88
2,Quincy Acy\acyqu01,PF,26,DAL,3,0,11,4.6,27.5,0.167,4.6,18.4,0.25,0,9.2,0,0,0,,0,9.2,9.2,0,0,0,0,9.2,13.8,53,112,95.1,50.403,106.512,3.67,7.26,3.66,7.74,-4.08,1050961,3500.3,135824.26,-257835.89,3495.44,12816.6
3,Steven Adams\adamsst01,C,23,OKC,4,4,136,5.8,13.3,0.436,0,0,,5.8,13.3,0.436,2.4,2.4,1,4.4,8.5,12.9,1.4,2.7,0.7,4.4,4.4,14,88,89,103.7,91.256,92.293,34,73.45,67.03,67.79,-0.76,3140517,571.36,46325.06,-4122929.95,1126.44,38298.99
4,Arron Afflalo\afflaar01,SG,31,SAC,5,5,159,5.5,13.5,0.405,1.6,4.5,0.357,3.9,9,0.429,2.6,2.6,1,0,3.9,3.9,1.6,1.3,0.3,1,4.2,15.1,103,110,94,96.82,103.4,31.8,62.28,60.29,64.39,-4.1,12500000,2528.23,194122.44,-3050495.46,4793.68,152439.02
5,Alexis Ajinca\ajincal01,C,28,NOP,3,0,32,4.4,13.3,0.333,0,0,,4.4,13.3,0.333,0,0,,4.4,8.9,13.3,0,1.5,0,3,10.3,8.9,68,104,101.5,69.02,105.56,10.67,22.56,15.57,23.81,-8.24,4600000,3603.43,193199.02,-558130.51,5259.15,56097.56
6,Cole Aldrich\aldrico01,C,28,MIN,3,0,32,4.8,8,0.6,0,0,,4.8,8,0.6,0,0,,3.2,14.4,17.6,1.6,1.6,1.6,1.6,12.8,9.6,117,97,93.5,109.395,90.695,10.67,20.78,22.73,18.84,3.89,7643979,4101.18,405636.52,1967337.1,8739.31,93219.26
7,LaMarcus Aldridge\aldrila01,PF,31,SAS,4,4,127,10.9,25,0.435,0.8,2,0.4,10.1,22.9,0.439,7.6,9.3,0.826,4.4,7.2,11.7,2,0.4,0.8,1.2,3.6,30.2,114,105,93.9,107.046,98.595,31.75,62.11,66.49,61.24,5.25,20575005,3773.88,335982.74,3919798.69,7902.83,250914.7
8,Lavoy Allen\allenla01,PF,27,IND,4,0,42,3.4,10.2,0.333,0,1.1,0,3.4,9.1,0.375,0,2.3,0,3.4,8,11.4,5.7,1.1,3.4,0,4.6,6.8,97,108,100.4,97.388,108.432,10.5,21.96,21.39,23.81,-2.43,4000000,2280.65,167965.76,-1649118.33,4645.76,48780.49
9,Tony Allen\allento01,SG,35,MEM,2,1,46,3.3,16.6,0.2,0,1.1,0,3.3,15.5,0.214,2.2,5.5,0.4,6.6,1.1,7.8,1.1,3.3,0,3.3,7.8,8.9,61,105,94.2,57.462,98.91,23,45.14,25.94,44.65,-18.71,5505618,2588.65,123318.54,-294282.88,2919.2,67141.68
10,Al-Farouq Aminu\aminual01,SF,26,POR,5,5,138,3.1,12.7,0.243,1.7,8.3,0.208,1.4,4.5,0.308,2.1,3.8,0.545,1,12.4,13.4,2.8,3.1,2.1,2.8,3.1,10,70,102,101.1,70.77,103.122,27.6,58.13,41.14,59.95,-18.81,7680965,2276.85,128128.42,-408409.33,3393.85,93670.3
11,Chris Andersen\anderch01,C,38,CLE,2,0,14,10.7,10.7,1,0,0,,10.7,10.7,1,7.1,14.2,0.5,3.6,3.6,7.1,3.6,3.6,3.6,0,7.1,28.5,174,99,96.2,167.388,95.238,7,14.03,23.48,13.36,10.12,1551659,805.8,116132.6,153295.03,2703.24,18922.67
12,Justin Anderson\anderju01,SF,23,DAL,4,0,77,6.6,17.1,0.385,2.6,8.5,0.308,3.9,8.5,0.462,3.3,4.6,0.714,4.6,7.9,12.5,2,3.3,1.3,3.3,3.9,19,98,104,95.1,93.198,98.904,19.25,38.14,35.54,37.72,-2.18,1514160,519.49,40140.97,-695776.87,959.24,18465.37
13,Kyle Anderson\anderky01,SG,23,SAS,5,4,110,2.8,7.4,0.375,1.4,2.3,0.6,1.4,5.1,0.273,0.9,0.9,1,0.9,8.8,9.8,2.3,1.9,1.4,1.9,2.3,7.9,95,101,93.9,89.205,94.839,22,43.04,38.39,40.82,-2.42,1192080,378.67,29205.95,-491633.56,660.8,14537.56
14,Ryan Anderson\anderry01,PF,28,HOU,5,5,151,7.9,18.9,0.421,3.6,8.6,0.423,4.3,10.3,0.419,0.7,0.7,1,4.6,6.9,11.6,0.7,0.7,0,2,3,20.2,108,115,96.1,103.788,110.515,30.2,60.46,62.75,66.82,-4.07,18735364,3640.93,280383.09,-4606293.58,7565.56,228480.05
15,Giannis Antetokounmpo\antetgi01,SG,22,MIL,4,4,143,12.9,25.2,0.514,1,4.1,0.25,11.9,21.1,0.565,4.8,5.8,0.824,2,10.9,12.9,7.8,1.4,2.7,2.7,4.1,31.7,114,105,98.6,112.404,103.53,35.75,73.44,82.55,76.03,6.52,2995421,442.54,39398.52,459649.43,1021.8,36529.52
16,Carmelo Anthony\anthoca01,SF,32,NYK,4,4,132,10.7,24.4,0.439,1.8,7,0.263,8.9,17.4,0.511,7.8,9.6,0.808,0.7,6.7,7.4,3.7,2.2,0,5.2,4.4,31,97,112,98.4,95.448,110.208,33,67.65,64.57,74.56,-9.99,24559380,4638.41,329409.77,-2459592.96,9075.9,299504.63
17,Trevor Ariza\arizatr01,SF,31,HOU,5,5,163,5.8,13.8,0.422,3.7,9.2,0.4,2.1,4.6,0.467,2.1,2.5,0.875,0.6,6.1,6.7,3.1,2.8,0.3,1.2,3.1,17.5,120,110,96.1,115.32,105.71,32.6,65.27,75.27,68.99,6.27,7806971,1264.92,113153.17,1244684.92,2920.46,95206.96
18,Omer Asik\asikom01,C,30,NOP,5,3,88,1.6,4.8,0.333,0,0,,1.6,4.8,0.333,1.6,3.2,0.5,2.7,12.9,15.6,2.7,0,1.1,2.2,3.2,4.8,83,104,101.5,84.245,105.56,17.6,37.22,31.35,39.29,-7.93,9904494,3852.45,252113.12,-1248560.19,6862.87,120786.51
19,D.J. Augustin\augusdj01,PG,29,ORL,4,0,66,9.1,22.8,0.4,3,10.6,0.286,6.1,12.2,0.5,3,3,1,0,2.3,2.3,6.8,0.8,0,1.5,3.8,24.3,109,115,95.8,104.422,110.17,16.5,32.93,34.39,36.28,-1.89,7250000,2571.13,199832.65,-3830125.74,5358.46,88414.63
20,Luke Babbitt\babbilu01,SF,27,MIA,4,4,88,5.7,17.1,0.333,5.1,13.7,0.375,0.6,3.4,0.167,0.6,0.6,1,0,5.7,5.7,3.4,0.6,0,0,3.4,17.1,108,106,95.6,103.248,101.336,22,43.82,45.24,44.4,0.84,1227000,330.76,27633.85,1464594.3,680.16,14963.41
21,Ron Baker\bakerro01,SG,23,NYK,2,0,23,6.4,17,0.375,4.2,8.5,0.5,2.1,8.5,0.25,2.1,4.2,0.5,2.1,2.1,4.2,4.2,2.1,0,2.1,2.1,19.1,102,115,98.4,100.368,113.16,11.5,23.58,23.66,26.68,-3.02,543471,280.1,20371.91,-180213.04,576.32,6627.7
22,Wade Baldwin\baldwwa01,PG,20,MEM,5,1,111,4.1,13.8,0.3,0.9,3.2,0.286,3.2,10.6,0.304,1.8,1.8,1,1.4,4.6,6,8.7,3.7,1.4,3.7,3.2,11,86,101,94.2,81.012,95.142,22.2,43.57,35.29,41.45,-6.16,1793760,619.78,43274.24,-291379.86,985.37,21875.12
23,Leandro Barbosa\barbole01,SG,34,PHO,4,0,42,8.9,16.8,0.533,1.1,2.2,0.5,7.8,14.5,0.538,1.1,2.2,0.5,1.1,6.7,7.8,4.5,1.1,0,0,3.4,20.1,125,108,102.3,127.875,110.484,10.5,22.38,28.62,24.72,3.89,4000000,1704.66,161784.5,1027807.4,4645.76,48780.49
24,J.J. Barea\bareajo01,PG,32,DAL,4,1,126,6.8,18.4,0.37,2.8,7.2,0.389,4,11.2,0.357,7.2,7.6,0.947,1.2,4.8,6,8,1.6,0.4,2.4,1.6,23.6,114,111,95.1,108.414,105.561,31.5,62.41,67.66,65.88,1.78,4096950,738.43,62188.11,2300959.95,1586.12,49962.8
25,Harrison Barnes\barneha02,SF,24,DAL,4,4,148,10.2,20.8,0.492,1.7,4.8,0.357,8.5,16,0.532,3.1,3.1,1,1.4,5.8,7.2,0.7,0.3,0.3,1.4,2.7,25.2,110,113,95.1,104.61,107.463,37,73.31,76.69,78.78,-2.09,22116750,3517.17,280751.02,-10574955.14,7289.63,269716.46
26,Matt Barnes\barnema02,SF,36,SAC,5,1,132,5.8,15.1,0.385,3.9,10.4,0.37,1.9,4.6,0.417,1.2,1.5,0.75,1.5,8.1,9.7,7,1.5,0.4,4.6,6.6,16.6,95,106,94,89.3,99.64,26.4,51.7,46.17,51.51,-5.35,6125000,1617.89,118899.99,-1145763.57,2829.36,74695.12
27,Will Barton\bartowi01,SG,26,DEN,3,3,106,7.1,14.3,0.5,1.8,3.1,0.571,5.4,11.2,0.48,8,8.5,0.947,1.3,5.4,6.7,3.6,0,0.9,1.3,2.2,24.1,139,106,101.4,140.946,107.484,35.33,74.64,105.2,80.23,24.98,3533333,409.58,44041.23,141465.76,1219.51,43089.43
28,Brandon Bass\bassbr01,PF,31,LAC,2,0,16,6,15,0.4,3,3,1,3,12,0.25,0,0,,9,3,12,0,3,0,3,6,15,102,92,99.8,101.796,91.816,8,16.63,16.93,15.27,1.66,1551659,1117.56,101601.15,934730.58,2365.33,18922.67
29,Nicolas Batum\batumni01,SG,28,CHO,4,4,132,6,18.1,0.333,3,10.5,0.286,3,7.5,0.4,4.9,5.6,0.867,1.5,7.1,8.7,7.9,1.9,0.8,3.4,2.6,19.9,100,100,96.7,96.7,96.7,33,66.48,64.29,64.29,0,20869566,3958.89,324629.34,#DIV/0!,7712.33,254506.9
30,Aron Baynes\baynear01,C,30,DET,5,0,76,9.2,15.9,0.583,0,0,,9.2,15.9,0.583,4,5.3,0.75,5.3,8.6,13.9,0.7,1.3,2,2.6,6.6,22.5,117,98,95.6,111.852,93.688,15.2,30.27,33.86,28.36,5.5,6500000,2340.97,229176.01,1182065.71,5215.02,79268.29
31,Kent Bazemore\bazemke01,SF,27,ATL,4,4,109,5.7,17.7,0.325,1.3,7.5,0.176,4.4,10.2,0.435,3.5,3.5,1,0,4,4,4.4,3.5,0.4,3.1,4,16.3,87,97,99.7,86.739,96.709,27.25,56.6,49.09,54.74,-5.64,15730338,3907.41,287376.16,-2787548.73,7039.76,191833.39
32,Bradley Beal\bealbr01,SG,23,WAS,3,3,102,7.8,20.5,0.381,1.9,6.8,0.286,5.8,13.6,0.429,2.9,4.4,0.667,0,1.9,1.9,3.4,1,1.5,2.4,3.9,20.5,89,117,96.5,85.885,112.905,34,68.35,58.71,77.18,-18.47,22116750,4594.36,286578.19,-1197487.45,7932.84,269716.46
33,Michael Beasley\beaslmi01,SF,28,MIL,4,0,57,9.4,17.9,0.524,0,2.6,0,9.4,15.4,0.611,2.6,5.1,0.5,0.9,2.6,3.4,2.6,2.6,0.9,3.4,5.1,21.4,92,110,98.6,90.712,108.46,14.25,29.27,26.55,31.75,-5.2,1403611,644.64,44210.62,-270176.02,1201.21,17117.21
34,Marco Belinelli\belinma01,SG,30,CHO,4,0,100,6,15.9,0.375,2.5,7,0.357,3.5,8.9,0.389,3,3,1,0,4.5,4.5,3,1,0,0,4,17.4,110,104,96.7,106.37,100.568,25,50.36,53.57,50.65,2.92,6333333,1441.7,125039.51,2167351.51,3089.43,77235.77
35,DeAndre' Bembry\bembrde01,SF,22,ATL,2,0,9,10.7,21.4,0.5,0,5.3,0,10.7,16,0.667,0,0,,5.3,10.7,16,0,0,0,0,0,21.4,111,102,99.7,110.667,101.694,4.5,9.35,10.34,9.51,0.84,1499760,1768.17,157782.92,1788206.48,4064.39,18289.76
36,Dragan Bender\bendedr01,PF,19,PHO,4,0,29,6.5,14.6,0.444,3.2,8.1,0.4,3.2,6.5,0.5,0,0,,1.6,4.9,6.5,3.2,4.9,0,0,3.2,16.2,124,101,102.3,126.852,103.323,7.25,15.45,19.6,15.97,3.64,4276320,2660.64,267855.63,1176235.61,7193.14,52150.24
37,Anthony Bennett\bennean01,PF,23,BRK,2,0,30,8,25.4,0.313,4.8,15.9,0.3,3.2,9.5,0.333,4.8,6.4,0.75,0,3.2,3.2,3.2,3.2,0,1.6,4.8,25.4,96,109,100.6,96.576,109.654,15,31.44,30.36,34.47,-4.11,1015696,407.97,29463.97,-247044.05,825.77,12386.54
38,Davis Bertans\bertada01,PF,24,SAS,3,0,33,7.7,13.9,0.556,6.2,9.3,0.667,1.5,4.6,0.333,0,0,,3.1,4.6,7.7,0,0,4.6,3.1,4.6,21.7,121,101,93.9,113.619,94.839,11,21.52,24.45,20.41,4.04,543471,271.08,26630.07,134481.87,602.52,6627.7
39,Bismack Biyombo\biyombi01,C,24,ORL,3,0,63,1.6,7.2,0.222,0,0,,1.6,7.2,0.222,2.4,4.8,0.5,9.5,6.4,15.9,1.6,0,2.4,4,6.4,5.6,79,112,95.8,75.682,107.296,21,41.91,31.72,44.97,-13.25,17000000,6535.8,378026.13,-1282997.78,9872.24,207317.07
40,Nemanja Bjelica\bjeline01,PF,28,MIN,3,0,46,3.3,13.4,0.25,1.1,6.7,0.167,2.2,6.7,0.333,2.2,4.5,0.5,3.3,11.2,14.5,3.3,1.1,2.2,3.3,10,10,78,99,93.5,72.93,92.565,15.33,29.87,21.78,27.65,-5.86,3800000,2127.44,137445.28,-647956.34,3022.27,46341.46
41,Tarik Black\blackta01,C,25,LAL,5,0,67,6.4,11.3,0.563,0,0,,6.4,11.3,0.563,4.2,4.2,1,7.1,11.3,18.4,0.7,0.7,1.4,2.1,11.3,17,130,108,101.3,131.69,109.404,13.4,28.28,37.24,30.94,6.3,6191000,2027.31,200103.46,982326.07,5634.33,75500
42,Eric Bledsoe\bledser01,PG,27,PHO,5,5,175,8,19.3,0.417,1.1,5.4,0.2,7,13.9,0.5,5.9,8.3,0.71,1.1,7.2,8.3,7,1.6,0,2.9,4.6,23.1,103,107,102.3,105.369,109.461,35,74.59,78.6,81.65,-3.05,14000000,2172.2,171461.33,-4586590.53,4878.05,170731.71
43,Bojan Bogdanovic\bogdabo02,SF,27,BRK,5,5,135,9.5,19.8,0.482,3.5,9.5,0.37,6,10.2,0.586,4.6,4.9,0.929,2.5,4.9,7.4,1.4,0.4,0.4,2.5,3.9,27.2,118,113,100.6,118.708,113.678,27,56.59,67.17,64.33,2.85,3573020,648.67,55544.17,1255298.34,1613.83,43573.41
44,Andrew Bogut\bogutan01,C,32,DAL,4,4,92,4.9,9.9,0.5,0,0,,4.9,9.9,0.5,0,2.2,0,3.8,18.7,22.5,3.3,1.1,1.1,4.4,6.6,9.9,82,104,95.1,77.982,98.904,23,45.57,35.54,45.07,-9.53,11027027,3784.28,244668.17,-1156613.15,5846.78,134475.94
45,Joel Bolomboy\bolomjo01,PF,23,UTA,2,0,5,10.6,10.6,1,0,0,,10.6,10.6,1,10.6,21.1,0.5,0,10.6,10.6,10.6,10.6,10.6,0,0,31.7,171,67,90.8,155.268,60.836,2.5,4.73,7.34,2.88,4.47,600000,996.49,208547.98,134353.02,2926.83,7317.07
46,Devin Booker\bookede01,SG,20,PHO,4,4,135,8.7,22.2,0.391,1.4,5.9,0.235,7.3,16.3,0.447,2.4,4.9,0.5,0.7,3.1,3.8,2.8,0.7,0.3,3.1,3.8,21.2,84,110,102.3,85.932,112.53,33.75,71.93,61.81,80.94,-19.13,2223600,438.71,27471.36,-116224.99,803.47,27117.07
47,Trevor Booker\booketr01,PF,29,BRK,5,5,131,6.2,13.1,0.472,0,2.5,0,6.2,10.6,0.586,2.5,2.9,0.875,2.5,13.5,16,3.6,4,1.1,1.8,3.3,14.9,109,99,100.6,109.654,99.594,26.2,54.91,60.21,54.69,5.52,9250000,1873.46,169141.63,1674502.18,4305.53,112804.88
48,Avery Bradley\bradlav01,SG,26,BOS,4,4,149,10,20.3,0.492,4.3,8.3,0.52,5.6,12,0.472,1.3,2,0.667,2.7,7.6,10.3,6,0.7,0.3,2.3,4.7,25.6,118,111,97,114.46,107.67,37.25,75.28,86.16,81.05,5.11,8269663,1170.48,102031.98,1617935.72,2707.37,100849.55
49,Corey Brewer\breweco01,SF,30,HOU,5,0,76,6.6,13.1,0.5,1.3,3.9,0.333,5.3,9.2,0.571,2,3.9,0.5,1.3,5.3,6.6,6.6,1.3,0,1.3,7.2,16.4,122,114,96.1,117.242,109.554,15.2,30.43,35.68,33.34,2.34,7600000,2597.71,227960.51,3248437.23,6097.56,92682.93
50,Malcolm Brogdon\brogdma01,SG,24,MIL,4,0,75,7.8,19.5,0.4,0.6,3.9,0.167,7.1,15.6,0.458,3.2,3.9,0.833,0.6,5.8,6.5,6.5,3.9,0,2.6,2.6,19.5,94,106,98.6,92.684,104.516,18.75,38.52,35.7,40.25,-4.56,925000,316,22978.52,-202976.9,601.63,11280.49
51,Aaron Brooks\brookaa01,PG,32,IND,1,0,16,9,20.9,0.429,3,9,0.333,6,11.9,0.5,3,6,0.5,3,0,3,6,0,3,0,3,23.9,117,116,100.4,117.468,116.464,16,33.47,39.31,38.98,0.34,2700000,837.56,69272.3,8035586.74,2057.93,32926.83
52,Bobby Brown\brownbo02,PG,32,HOU,3,0,9,0,27.7,0,0,11.1,0,0,16.6,0,0,0,,0,0,0,0,0,0,0,5.5,0,0,120,96.1,0,115.32,3,6.01,0,6.93,-6.93,980431,#DIV/0!,141549.71,-141549.71,3985.49,11956.48
53,Jaylen Brown\brownja02,SF,20,BOS,4,0,64,8.5,15.5,0.55,0.8,2.3,0.333,7.7,13.1,0.588,3.1,3.9,0.8,1.5,3.1,4.6,1.5,1.5,1.5,1.5,7,20.9,115,112,97,111.55,108.64,16,32.33,36.07,35.13,0.94,4743000,1603.69,135024.6,5040918.27,3615.09,57841.46
54,Nicolas Brussino\brussni01,SF,23,DAL,3,0,4,0,12.6,0,0,0,,0,12.6,0,37.9,50.5,0.75,0,0,0,12.6,12.6,0,0,0,37.9,132,89,95.1,125.532,84.639,1.33,2.64,3.32,2.24,1.08,543471,1998.62,243068.03,503094.29,4970.77,6627.7
55,Trey Burke\burketr01,PG,24,WAS,3,0,40,6.2,13.7,0.455,0,2.5,0,6.2,11.2,0.556,1.2,3.7,0.333,0,2.5,2.5,3.7,1.2,1.2,6.2,2.5,13.7,68,117,96.5,65.62,112.905,13.33,26.81,17.59,30.26,-12.68,3386598,2347.95,111898.86,-267187.07,3097.5,41299.98
56,Jimmy Butler\butleji01,SF,27,CHI,4,4,126,10.3,22.6,0.456,3.2,6.3,0.5,7.1,16.2,0.439,9.9,11.9,0.833,3.2,7.5,10.7,4,1.2,0,1.2,4.7,33.6,135,105,96.3,130.005,101.115,31.5,63.2,82.16,63.9,18.26,17552209,2605.33,274675.92,961365.73,6795.28,214051.33
57,Jose Calderon\caldejo01,PG,35,LAL,2,0,22,6.5,10.8,0.6,2.2,6.5,0.333,4.3,4.3,1,4.3,4.3,1,0,4.3,4.3,4.3,2.2,0,8.6,2.2,19.4,93,112,101.3,94.209,113.456,11,23.21,21.87,26.34,-4.47,7708427,4298.32,292669.46,-1725209.43,8545.93,94005.21
58,Kentavious Caldwell-Pope\caldwke01,SG,23,DET,5,5,167,6.6,15.6,0.423,2.4,7.5,0.32,4.2,8.1,0.519,3.6,3.6,1,1.8,3.3,5.1,3.3,3.3,0,1.8,2.4,19.2,113,99,95.6,108.028,94.644,33.4,66.52,71.86,62.96,8.9,3678319,624.22,58424.25,413142.94,1343.04,44857.55
59,Isaiah Canaan\canaais01,SG,25,CHI,4,0,62,8,16.1,0.5,5.6,12.1,0.467,2.4,4,0.6,2.4,3.2,0.75,0.8,3.2,4,9.6,3.2,0,0.8,4,24.1,153,103,96.3,147.339,99.189,15.5,31.1,45.82,30.84,14.97,1015696,270.34,32929.37,67834.51,799.13,12386.54
60,Clint Capela\capelca01,C,22,HOU,5,5,117,8.1,14.5,0.559,0,0,,8.1,14.5,0.559,0.9,4.7,0.182,5.1,11.1,16.2,1.3,1.3,2.1,2.6,4.7,17.1,102,108,96.1,98.022,103.788,23.4,46.85,45.92,48.62,-2.7,1296240,344.23,26658.78,-479858.04,675.55,15807.8
61,DeMarre Carroll\carrode01,SF,30,TOR,4,4,117,4.3,13,0.333,3,8.7,0.35,1.3,4.3,0.3,2.6,4.3,0.6,0.9,6.1,6.9,1.3,2.2,1.7,0.4,5.2,14.3,108,102,94.8,102.384,96.696,29.25,57.77,59.15,55.86,3.29,14200000,2927.85,254206.63,4321512.63,5920.37,173170.73
62,Vince Carter\cartevi01,SG,40,MEM,5,0,132,3.9,10,0.385,2.7,7.7,0.35,1.2,2.3,0.5,1.5,2.3,0.667,1.2,6.2,7.3,2.3,2.3,1.2,0.8,4.6,12,114,103,94.2,107.388,97.026,26.4,51.81,55.64,50.27,5.37,4264057,934.63,84824.49,794265.72,1969.72,52000.7
63,Michael Carter-Williams\cartemi01,PG,25,CHI,3,0,45,4.4,16.6,0.267,1.1,2.2,0.5,3.3,14.4,0.231,3.3,4.4,0.75,3.3,6.6,10,8.9,2.2,2.2,6.6,6.6,13.3,80,100,96.3,77.04,96.3,15,30.09,23.18,28.98,-5.8,3183526,1674.56,109851.45,-549257.26,2588.23,38823.49
64,Omri Casspi\casspom01,SF,28,SAC,2,0,18,5.7,8.5,0.667,0,2.8,0,5.7,5.7,1,0,0,,2.8,14.2,17,0,2.8,0,5.7,2.8,11.3,79,101,94,74.26,94.94,9,17.63,13.09,16.73,-3.64,3000000,2795.27,179284.56,-823079.14,4065.04,36585.37
65,Willie Cauley-Stein\caulewi01,C,23,SAC,4,0,50,6.1,14.3,0.429,0,0,,6.1,14.3,0.429,1,2,0.5,2,1,3.1,3.1,1,1,3.1,7.1,13.3,84,111,94,78.96,104.34,12.5,24.48,19.33,25.54,-6.21,3551160,2240.54,139034.56,-571586.54,3464.55,43306.83
66,Tyson Chandler\chandty01,C,34,PHO,5,5,136,4.1,6.6,0.632,0,0,,4.1,6.6,0.632,2.4,3.8,0.636,4.1,17.6,21.7,1,0.3,0.7,2.8,6.6,10.7,110,103,102.3,112.53,105.369,27.2,57.97,65.23,61.08,4.15,12415000,2320.93,203250.01,2990678.65,5566.27,151402.44
67,Wilson Chandler\chandwi01,SF,29,DEN,3,0,92,6.2,17,0.364,1.5,7.2,0.214,4.6,9.8,0.474,2.6,4.6,0.556,0.5,8.2,8.7,1.5,0,0.5,2.6,4.1,16.5,85,105,101.4,86.19,106.47,30.67,64.78,55.84,68.97,-13.14,11200000,2446.16,162378.11,-852485.07,4453.87,136585.37
68,Marquese Chriss\chrisma01,PF,19,PHO,5,0,80,7.6,15.8,0.481,0.6,2.9,0.2,7,12.9,0.545,4.7,7.6,0.615,2.3,8.2,10.6,2.3,2.3,1.2,5.3,8.2,20.5,91,103,102.3,93.093,105.369,16,34.1,31.74,35.93,-4.19,2941440,1129.99,81863.96,-702665.67,2241.95,35871.22
69,Rakeem Christmas\chrisra01,PF,25,IND,1,0,7,0,6.8,0,0,0,,0,6.8,0,0,0,,0,6.8,6.8,6.8,0,0,0,6.8,0,52,115,100.4,52.208,115.46,7,14.64,7.64,16.91,-9.26,1052342,1678.86,62249.35,-113629.77,1833.35,12833.44
70,Semaj Christon\chrisse01,PG,24,OKC,4,0,62,6,16.4,0.364,0.7,1.5,0.5,5.2,14.9,0.35,0,2.2,0,1.5,2.2,3.7,4.5,1.5,0.7,3,3.7,12.7,77,94,103.7,79.849,97.478,15.5,33.49,26.74,32.64,-5.9,543471,247.87,16649.48,-92061.8,427.59,6627.7
71,Ian Clark\clarkia01,SG,25,GSW,4,0,60,8.5,17,0.5,3.1,7.7,0.4,5.4,9.3,0.583,3.1,3.9,0.8,0,3.1,3.1,2.3,2.3,0.8,1.5,3.9,23.2,113,110,103.6,117.068,113.96,15,32.38,37.9,36.89,1.01,1015696,326.81,27529.7,1009422.44,825.77,12386.54
72,Jordan Clarkson\clarkjo01,SG,24,LAL,5,0,133,10.7,22.4,0.476,1.1,5.7,0.188,9.6,16.7,0.574,3.2,3.6,0.9,1.4,3.2,4.6,2.1,2.5,0.7,5,4.6,25.7,95,111,101.3,96.235,112.443,26.6,56.14,54.02,63.12,-9.1,12500000,2821.72,198028.52,-1373822.87,5730.79,152439.02
73,Nick Collison\collini01,PF,36,OKC,1,0,7,0,0,,0,0,,0,0,,0,0,,0,13.2,13.2,19.8,0,0,0,0,0,216,94,103.7,223.992,97.478,7,15.12,33.87,14.74,19.13,3750000,1350.05,254383.59,196000.47,6533.1,45731.71
74,Mike Conley\conlemi01,PG,29,MEM,4,4,129,10.3,22.1,0.464,3.6,6.3,0.563,6.7,15.8,0.425,7.1,7.9,0.9,1.2,3.2,4.3,9.1,0.4,0.4,5.9,3.9,31.2,111,110,94.2,104.562,103.62,32.25,63.29,66.18,65.58,0.6,26540100,4890.75,404687.31,44515603.73,10035.96,323659.76
75,Pat Connaughton\connapa01,SG,24,POR,1,0,8,0,0,,0,0,,0,0,,0,0,,0,5.9,5.9,11.9,0,0,0,0,0,226,115,101.1,228.486,116.265,8,16.85,38.5,19.59,18.91,874636,277.05,44645.58,46254.43,1333.29,10666.29
76,DeMarcus Cousins\couside01,C,26,SAC,5,5,161,12.4,25.4,0.488,1.3,4.1,0.308,11.1,21.2,0.522,16.5,21.2,0.776,3.8,11.4,15.2,4.1,1,0.6,5.4,7.6,42.5,115,105,94,108.1,98.7,32.2,63.06,68.17,62.24,5.93,16957900,3033.82,272466.07,2860893.75,6422.47,206803.66
77,Robert Covington\covinro01,SF,26,PHI,4,4,108,2.3,11.7,0.192,1.8,9.5,0.19,0.5,2.3,0.2,0.9,0.9,1,0.9,5.4,6.3,1.8,4.5,1.4,3.2,4.1,7.2,56,101,98.6,55.216,99.586,27,55.46,30.62,55.23,-24.61,1015696,404.47,18389.33,-41273.84,458.76,12386.54
78,Allen Crabbe\crabbal01,SG,24,POR,5,0,147,6.1,12.3,0.5,2.3,5.5,0.412,3.9,6.8,0.571,3.6,3.6,1,0.3,2.6,2.9,4.5,1,0,1.3,4.8,18.1,128,115,101.1,129.408,116.265,29.4,61.92,80.13,72,8.14,18500000,2815.4,256959.98,2273107.48,7673.8,225609.76
79,Jamal Crawford\crawfja01,SG,36,LAC,4,0,99,7.3,20.4,0.357,0.5,6.3,0.077,6.8,14.1,0.483,7.8,7.8,1,0,2.9,2.9,3.9,3.9,0,1.9,2.4,22.8,100,91,99.8,99.8,90.818,24.75,51.46,51.36,46.73,4.62,13253012,3147.06,283581.67,2867325.74,6530.19,161622.1
80,Jae Crowder\crowdja01,SF,26,BOS,4,4,109,9.1,16.3,0.556,4.1,8.6,0.474,5,7.7,0.647,2.3,2.3,1,0.5,10.9,11.4,3.6,2.3,1.8,3.2,5.4,24.5,117,104,97,113.49,100.88,27.25,55.07,62.5,55.55,6.94,6286408,1226.69,113161.97,905295.73,2813.34,76663.51
81,Dante Cunningham\cunnida01,SF,29,NOP,5,2,107,4.4,12.8,0.345,2.7,7.1,0.375,1.8,5.7,0.308,0.9,1.8,0.5,1.3,6.6,8,0.9,0.4,0.9,1.8,4,12.4,83,107,101.5,84.245,108.605,21.4,45.25,38.12,49.15,-11.02,2978250,952.72,60600.02,-270175.08,1697.2,36320.12
82,Seth Curry\curryse01,PG,26,DAL,4,1,75,6.1,11.4,0.529,1.3,5.4,0.25,4.7,6.1,0.778,0.7,0.7,1,0,4.7,4.7,3.4,2,0.7,1.3,6.7,14.1,114,109,95.1,108.414,103.659,18.75,37.15,40.27,38.51,1.77,2898000,877.52,75257.68,1640617.38,1884.88,35341.46
83,Stephen Curry\curryst01,PG,28,GSW,4,4,132,12.6,26.3,0.48,6,13.3,0.447,6.7,13,0.514,5.6,6.7,0.842,0.7,2.5,3.2,6,0.7,0,4.6,4.2,36.9,110,115,103.6,113.96,119.14,33,71.23,81.17,84.86,-3.69,12112359,1819.83,142737.7,-3282967,4476.11,147711.7
84,Troy Daniels\danietr01,SG,25,MEM,2,0,24,2.1,21.2,0.1,0,14.9,0,2.1,6.4,0.333,4.2,4.2,1,0,0,0,4.2,0,0,0,4.2,8.5,53,113,94.2,49.926,106.446,12,23.55,11.76,25.07,-13.31,3332940,3456.97,132955.78,-250400.06,3387.13,40645.61
85,Anthony Davis\davisan02,PF,23,NOP,5,5,186,13.2,29,0.456,0.5,2.8,0.182,12.7,26.2,0.485,13.2,15.8,0.839,2.8,12.5,15.3,2.8,3.6,3.8,2.8,3.6,40.2,109,93,101.5,110.635,94.395,37.2,78.66,87.03,74.25,12.77,22116750,3099.18,297854.78,1731280.91,7250.44,269716.46
86,Deyonta Davis\davisde01,C,20,MEM,4,0,33,10.8,12.4,0.875,0,0,,10.8,12.4,0.875,4.6,7.7,0.6,1.5,10.8,12.4,0,1.5,4.6,1.5,6.2,26.2,147,98,94.2,138.474,92.316,8.25,16.19,22.42,14.95,7.47,1369229,744.78,91608.44,183216.88,2023.99,16697.91
87,Ed Davis\davised01,PF,27,POR,5,0,81,2.9,7.6,0.385,0,0,,2.9,7.6,0.385,1.2,1.2,1,3.5,8.8,12.3,1.8,1.8,2.3,1.2,8.2,7,102,106,101.1,103.122,107.166,16.2,34.12,35.19,36.57,-1.38,6666667,2310.57,182316.85,-4831396.53,5018.57,81300.82
88,Dewayne Dedmon\dedmode01,C,27,SAS,5,0,85,6,13.2,0.455,0,0,,6,13.2,0.455,5.4,7.2,0.75,8.4,12,20.4,0.6,1.2,4.8,1.2,9,17.4,124,95,93.9,116.436,89.205,17,33.26,38.72,29.67,9.06,2898000,912.69,97686.81,320008.5,2078.91,35341.46
89,Sam Dekker\dekkesa01,SF,22,HOU,5,0,74,7.4,16.2,0.458,2,6.7,0.3,5.4,9.4,0.571,0.7,1.3,0.5,2,8.8,10.8,1.3,1.3,0,2,4.7,17.5,102,112,96.1,98.022,107.632,14.8,29.63,29.04,31.89,-2.85,1720560,722.42,53949.14,-604230.4,1417.73,20982.44
90,Malcolm Delaney\delanma01,PG,27,ATL,4,0,74,4.6,15,0.304,2,4.6,0.429,2.6,10.4,0.25,2,2.6,0.75,0.7,4.6,5.2,12.4,1.3,0,2.6,5.9,13,102,102,99.7,101.694,101.694,18.5,38.43,39.08,39.08,0,2500000,780.2,63976.29,#DIV/0!,1647.99,30487.8
91,Matthew Dellavedova\dellama01,PG,26,MIL,4,4,125,7,13.6,0.514,1.9,4.3,0.455,5.1,9.4,0.542,1.9,1.9,1,0.8,4.3,5.1,9.7,1.9,0,2.3,3.9,17.9,121,111,98.6,119.306,109.446,31.25,64.19,76.59,70.26,6.33,9607500,1529.85,136749.2,1517916.14,3749.27,117164.63
92,Luol Deng\denglu01,SF,31,LAL,5,5,132,6.1,16.2,0.378,1.4,4.7,0.308,4.7,11.5,0.406,1.4,1.4,1,3.2,9.3,12.6,2.5,2.2,1.1,1.8,1.8,15.1,99,107,101.3,100.287,108.391,26.4,55.72,55.87,60.39,-4.52,18000000,3928.64,298062.37,-3986584.17,8314.86,219512.2
93,DeMar DeRozan\derozde01,SG,27,TOR,4,4,149,19,34.3,0.554,0.3,2,0.167,18.7,32.3,0.579,10.9,13.3,0.821,2,5.1,7.1,3.1,2,0,3.7,2.7,49.3,121,105,94.8,114.708,99.54,37.25,73.57,84.39,73.23,11.16,26540100,3835.32,362419.49,2378377.88,8688.85,323659.76
94,Cheick Diallo\diallch01,PF,20,NOP,1,0,6,0,15.8,0,0,0,,0,15.8,0,0,0,,7.9,0,7.9,0,0,7.9,0,0,0,35,104,101.5,35.525,105.56,6,12.69,4.51,13.39,-8.89,543471,1470.46,40578.96,-61162.49,1104.62,6627.7
95,Boris Diaw\diawbo01,PF,34,UTA,3,3,69,0.8,8.4,0.091,0,3.1,0,0.8,5.4,0.143,0,0,,1.5,3.8,5.4,1.5,0,0,4.6,4.6,1.5,28,109,90.8,25.424,98.972,23,43.51,11.06,43.06,-32,7000000,7717.34,162559.83,-218753.36,3711.56,85365.85
96,Gorgui Dieng\dienggo01,C,27,MIN,3,3,102,9.1,14.1,0.643,0,1,0,9.1,13.1,0.692,3.5,4,0.875,5,11.6,16.6,3,2.5,2.5,1.5,5,21.6,141,96,93.5,131.835,89.76,34,66.23,87.31,59.45,27.87,2348783,328.06,39510.34,84288.72,842.46,28643.7
97,Goran Dragic\dragigo01,PG,30,MIA,4,4,138,10.2,21.1,0.483,4,7.6,0.524,6.2,13.5,0.459,4.7,6.5,0.722,1.8,5.8,7.6,10.2,1.5,0.7,4.4,4.4,29.1,116,103,95.6,110.896,98.468,34.5,68.71,76.2,67.66,8.54,15890000,2543.07,234851.33,1860745.18,5616.83,193780.49
98,Andre Drummond\drumman01,C,23,DET,5,5,149,9.1,21.2,0.429,0,0,,9.1,21.2,0.429,3,7.4,0.409,5.1,17.9,22.9,2.7,2.4,2,2.7,3.4,21.2,92,90,95.6,87.952,86.04,29.8,59.35,52.2,51.07,1.13,22116750,5166.89,433099.8,19489491.22,9050.89,269716.46
99,Jared Dudley\dudleja01,PF,31,PHO,5,5,118,4,9.5,0.417,2.4,4.8,0.5,1.6,4.8,0.333,1.6,3.6,0.444,0.8,5.6,6.4,4,3.2,0.8,2.8,5.6,11.9,96,103,102.3,98.208,105.369,23.6,50.3,49.4,53,-3.6,10470000,2584.88,197554.73,-2906876.69,5410.29,127682.93
100,Mike Dunleavy\dunlemi02,SF,36,CLE,4,0,77,5.2,12.3,0.421,2.6,7.1,0.364,2.6,5.2,0.5,1.9,2.6,0.75,0,6.5,6.5,3.2,1.9,0,1.3,3.2,14.9,114,104,96.2,109.668,100.048,19.25,38.58,42.31,38.6,3.71,4837500,1394.32,125327.97,1303410.87,3064.62,58993.9
101,Kris Dunn\dunnkr01,PG,22,MIN,3,1,64,6.4,12,0.533,2.4,4,0.6,4,8,0.5,2.4,4.8,0.5,1.6,5.6,7.2,8.8,4.8,0,4,6.4,17.6,116,97,93.5,108.46,90.695,21.33,41.56,45.07,37.69,7.38,3872520,1047.81,102749.86,524565.07,2213.71,47225.85
102,Kevin Durant\duranke01,SF,28,GSW,4,4,144,12.6,21.9,0.574,1,4.2,0.231,11.6,17.7,0.655,10.6,11.6,0.917,0.3,11.3,11.6,5.1,3.9,1.9,2.6,2.9,36.7,129,100,103.6,133.644,103.6,36,77.7,103.84,80.5,23.34,26540100,3116.87,329702.15,1136903.97,8990.55,323659.76
103,Henry Ellenson\ellenhe01,PF,20,DET,2,0,5,10,20.1,0.5,0,0,,10,20.1,0.5,0,0,,10,40.2,50.2,0,0,0,0,0,20.1,120,85,95.6,114.72,81.26,2.5,4.98,5.71,4.05,1.67,1704120,3638.23,421178.98,1022863.25,8312.78,20781.95
104,Monta Ellis\ellismo01,SG,31,IND,4,4,143,6.4,14.4,0.442,1,2.7,0.375,5.3,11.7,0.457,2.7,3.3,0.8,0.3,4,4.3,6.4,1.7,0.7,4,3.3,16.4,94,112,100.4,94.376,112.448,35.75,74.78,70.57,84.09,-13.51,10770000,1861.11,128084.17,-796968.15,3673.89,131341.46
105,Joel Embiid\embiijo01,C,22,PHI,3,3,63,13.1,28.6,0.459,1.5,3.9,0.4,11.6,24.7,0.469,12.4,16.2,0.762,2.3,12.4,14.7,3.1,0.8,6.2,8.5,7,40.2,92,99,98.6,90.712,97.614,21,43.14,39.13,42.11,-2.98,4826160,1504.07,114613.2,-1620958.1,2802.65,58855.61
106,James Ennis\ennisja01,SF,26,MEM,5,5,148,6.9,13.1,0.526,2.8,6.2,0.444,4.1,6.9,0.6,4.1,5.5,0.75,2.8,9.6,12.4,1,1.7,0,2.4,4.5,20.7,121,104,94.2,113.982,97.968,29.6,58.09,66.21,56.91,9.3,2898000,533.76,50922.86,311528.07,1193.97,35341.46
107,Tyler Ennis\ennisty01,PG,22,HOU,5,0,51,2.9,12.7,0.231,0,2.9,0,2.9,9.8,0.3,0,0,,1,2.9,3.9,9.8,2,0,6.9,11.8,5.9,61,114,96.1,58.621,109.554,10.2,20.42,11.97,22.37,-10.4,1733880,1766.32,77501.21,-166700.71,2073.03,21144.88
108,Dante Exum\exumda01,PG,21,UTA,5,0,89,6.5,11.9,0.55,1.2,3.6,0.333,5.3,8.3,0.643,5.3,5.9,0.9,1.2,4.2,5.3,3.6,0.6,2.4,3,5.3,19.6,120,104,90.8,108.96,94.432,17.8,33.67,36.69,31.8,4.89,3940320,1309.74,123921.79,805491.66,2699.59,48052.68
109,Kenneth Faried\farieke01,PF,27,DEN,3,0,74,3.8,10.2,0.375,0,0.6,0,3.8,9.6,0.4,6.4,9,0.714,6.4,11.5,17.9,1.9,2.6,2.6,3.2,2.6,14.1,104,96,101.4,105.456,97.344,24.67,52.11,54.95,50.72,4.23,12078652,2680.56,238123.41,2857480.95,5971.65,147300.63
110,Derrick Favors\favorde01,PF,25,UTA,4,2,82,7.1,18.7,0.379,0,0,,7.1,18.7,0.379,7.7,12.2,0.632,3.9,11.6,15.5,2.6,1.9,1.9,3.2,5.8,21.9,94,98,90.8,85.352,88.984,20.5,38.78,33.1,34.51,-1.41,11050000,4071.33,320222.53,-7845451.93,6573.47,134756.1
111,Kay Felder\feldeka01,PG,21,CLE,1,0,5,10,29.9,0.333,0,10,0,10,19.9,0.5,0,0,,10,0,10,10,0,0,0,0,19.9,106,114,96.2,101.972,109.668,5,10.02,10.22,10.99,-0.77,543471,648.6,49453,-704705.2,1325.54,6627.7
112,Cristiano Felicio\feliccr01,C,24,CHI,4,0,60,5,10,0.5,0,0,,5,10,0.5,2.5,3.3,0.75,4.2,9.1,13.3,0.8,0.8,0,2.5,7.5,12.5,106,105,96.3,102.078,101.115,15,30.09,30.72,30.43,0.29,874636,347.22,28743.22,3018038.34,711.09,10666.29
113,Raymond Felton\feltora01,PG,32,LAC,4,0,69,5.6,11.9,0.471,1.4,2.8,0.5,4.2,9.1,0.462,0.7,1.4,0.5,0,4.2,4.2,3.5,1.4,0.7,2.8,2.8,13.2,93,95,99.8,92.814,94.81,17.25,35.87,33.29,34,-0.72,1551659,568.45,45631.39,-2167491.21,1096.97,18922.67
114,Dorian Finney-Smith\finnedo01,SF,23,DAL,3,0,4,0,0,,0,0,,0,0,,0,0,,0,12.6,12.6,0,0,0,0,0,0,,112,95.1,0,106.512,1.33,2.64,0,2.81,-2.81,543471,#DIV/0!,193152.27,-193152.27,4970.77,6627.7
115,Bryn Forbes\forbebr01,SG,23,SAS,3,0,19,2.7,8.1,0.333,0,2.7,0,2.7,5.4,0.5,0,0,,0,2.7,2.7,0,2.7,0,0,5.4,5.4,72,103,93.9,67.608,96.717,6.33,12.39,8.38,11.98,-3.61,543471,791.24,45354.13,-150692.76,1046.48,6627.7
116,Evan Fournier\fournev01,SG,24,ORL,4,4,142,9.2,22.6,0.406,2.5,7.8,0.318,6.7,14.8,0.452,2.8,4.2,0.667,0.4,4.2,4.6,5.6,1.8,0,2.5,4.6,23.7,99,112,95.8,94.842,107.296,35.5,70.85,67.2,76.02,-8.82,17000000,3085.19,223621.09,-1926581.72,5839.92,207317.07
117,Tim Frazier\fraziti01,PG,26,NOP,5,5,148,8.3,16.9,0.491,1.3,4.2,0.308,7,12.8,0.55,2.9,4.2,0.692,1.3,4.8,6.1,12.5,1.9,0.3,3.2,6.4,20.8,111,106,101.5,112.665,107.59,29.6,62.59,70.52,67.34,3.18,2090000,361.43,31035.44,657951.26,861.07,25487.8
118,Channing Frye\fryech01,C,33,CLE,2,0,29,10.3,31,0.333,5.2,13.8,0.375,5.2,17.2,0.3,3.4,3.4,1,5.2,8.6,13.8,0,1.7,1.7,1.7,10.3,29.2,99,101,96.2,95.238,97.162,14.5,29.06,27.68,28.24,-0.56,7806971,3439.99,276493.09,-13962901.09,6566,95206.96
119,Danilo Gallinari\gallida01,SF,28,DEN,3,3,116,4.9,15.5,0.316,2,6.5,0.313,2.9,9,0.318,7.8,9,0.864,0.8,3.3,4.1,2,1.2,0.4,1.2,0.8,19.6,111,105,101.4,112.554,106.47,38.67,81.68,91.94,86.97,4.97,15050000,1996.31,173051.67,3028404.22,4746.64,183536.59
120,Langston Galloway\gallola01,PG,25,NOP,5,0,88,5.9,18.8,0.314,2.2,8.6,0.25,3.8,10.2,0.368,1.6,2.2,0.75,0,4.8,4.8,2.7,2.7,0.5,0.5,4.3,15.6,82,104,101.5,83.23,105.56,17.6,37.22,30.98,39.29,-8.31,5200000,2047.26,132362.97,-625715.84,3603.1,63414.63
121,Marc Gasol\gasolma01,C,32,MEM,4,4,131,8.2,24.9,0.328,2.7,7,0.389,5.4,17.9,0.304,6.6,8.2,0.81,1.9,9.7,11.7,4.7,1.2,3.5,3.1,2.3,25.7,95,101,94.2,89.49,95.142,32.75,64.27,57.52,61.15,-3.63,21165675,4487.69,346129.71,-5826516.76,7881.47,258117.99
122,Pau Gasol\gasolpa01,C,36,SAS,5,5,118,8.7,18.6,0.465,1.3,2.2,0.6,7.4,16.5,0.447,1.3,1.7,0.75,2.2,13.9,16,5.2,0.4,2.6,2.2,4.3,19.9,107,100,93.9,100.473,93.9,23.6,46.17,46.39,43.35,3.03,15500000,4075.04,357544.21,5107774.41,8009.51,189024.39
123,Rudy Gay\gayru01,SF,30,SAC,5,5,172,12.5,24.3,0.512,1.5,3.6,0.417,11,20.8,0.529,8.9,11,0.811,0.6,8.3,8.9,3.6,1.8,1.8,2.1,4.5,35.3,119,104,94,111.86,97.76,34.4,67.37,75.36,65.86,9.5,13333333,2157.77,202456.85,1403700.82,4726.79,162601.62
124,Michael Gbinije\gbinimi01,SG,24,DET,2,0,7,0,14.3,0,0,14.3,0,0,0,,14.3,14.3,1,0,0,0,7.2,0,0,0,7.2,14.3,95,108,95.6,90.82,103.248,3.5,6.97,6.33,7.2,-0.87,650000,1252.08,90312.32,-750286.98,2264.81,7926.83
125,Paul George\georgpa01,SF,26,IND,4,4,140,10.6,21.8,0.484,4.1,7.9,0.522,6.5,14,0.463,7.9,8.2,0.958,1,7.5,8.5,4.1,2.4,0.3,4.1,3.4,33.1,117,109,100.4,117.468,109.436,35,73.21,86,80.12,5.88,18314532,2597.18,228599.4,3114666.89,6381.37,223347.95
126,Taj Gibson\gibsota01,PF,31,CHI,4,4,103,11.6,21.8,0.533,0,0,,11.6,21.8,0.533,1.9,2.4,0.8,4.4,13.6,17.9,2.4,1.9,1.5,3.9,3.9,25.2,105,98,96.3,101.115,94.374,25.75,51.66,52.24,48.75,3.48,8950000,2089.45,183572.82,2570019.54,4238.69,109146.34
127,Manu Ginobili\ginobma01,SG,39,SAS,4,0,91,5.6,18,0.313,2.8,9,0.313,2.8,9,0.313,2.8,2.8,1,1.1,7.3,8.4,6.7,2.2,0.6,5.1,3.4,16.9,85,102,93.9,79.815,95.778,22.75,44.5,35.52,42.63,-7.1,14000000,4806.44,328440.36,-1970642.14,7504.69,170731.71
128,Rudy Gobert\goberru01,C,24,UTA,5,5,155,5.1,9.9,0.517,0,0,,5.1,9.9,0.517,7.2,11.6,0.618,6.1,14.3,20.5,2.7,0.7,3.8,3.8,5.8,17.4,112,96,90.8,101.696,87.168,31,58.64,59.64,51.12,8.52,2121288,433.79,41498.87,248993.21,834.5,25869.37
129,Aaron Gordon\gordoaa01,SF,21,ORL,4,4,121,7,16.6,0.425,1.7,4.6,0.364,5.4,12,0.448,2.5,3.7,0.667,2.5,5.8,8.3,4.1,4.1,0.8,3.3,3.3,18.2,97,105,95.8,92.926,100.59,30.25,60.37,56.1,60.73,-4.63,4351320,945.85,71650.06,-940407.05,1754.21,53064.88
130,Eric Gordon\gordoer01,SG,28,HOU,5,5,163,8.6,19.3,0.444,4.6,11.6,0.395,4,7.7,0.52,5.2,6.1,0.85,0,5.2,5.2,3.4,1.5,0,3.1,3.7,27,115,114,96.1,110.515,109.554,32.6,65.27,72.13,71.5,0.63,12385364,2093.99,173213.12,19746295.72,4633.16,151041.02
131,Marcin Gortat\gortama01,C,32,WAS,3,3,113,4.4,8.4,0.526,0,0,,4.4,8.4,0.526,5.7,6.2,0.929,2.2,12.3,14.5,1.8,0.9,1.3,1.8,4.4,14.5,125,112,96.5,120.625,108.08,37.67,75.73,91.34,81.84,9.5,12000000,1602.09,146619.81,1263186.03,3885.17,146341.46
132,Treveon Graham\grahatr01,SG,23,CHO,1,0,1,0,0,,0,0,,0,0,,0,0,,0,0,0,0,0,0,0,0,0,,109,96.7,0,105.403,1,2.01,0,2.12,-2.12,543471,#DIV/0!,255940,-255940,6627.7,6627.7
133,Jerami Grant\grantje01,SF,22,OKC,1,0,18,5.1,15.4,0.333,0,0,,5.1,15.4,0.333,5.1,10.3,0.5,0,5.1,5.1,0,0,5.1,2.6,2.6,15.4,74,90,103.7,76.738,93.33,18,38.89,29.84,36.29,-6.45,980431,400.67,27013.8,-151952.65,664.25,11956.48
134,Jerian Grant\grantje02,PG,24,CHI,1,0,13,11.5,11.5,1,0,0,,11.5,11.5,1,0,0,,0,7.7,7.7,11.5,0,0,3.8,3.8,23,151,107,96.3,145.413,103.041,13,26.08,37.93,26.87,11.05,1643040,528.33,61137.78,148675.97,1541.31,20037.07
135,Draymond Green\greendr01,PF,26,GSW,4,4,134,4.8,12.5,0.389,1.4,4.5,0.308,3.5,8,0.435,1.7,2.8,0.625,3.5,11.8,15.2,10.7,3.5,2.1,2.4,4.2,12.8,111,100,103.6,114.996,103.6,33.5,72.3,83.15,74.91,8.24,15330435,2248.51,204659.26,1860538.72,5580.79,186956.52
136,Gerald Green\greenge01,SG,31,BOS,4,0,50,6.9,17.8,0.389,1,7.9,0.125,5.9,9.9,0.6,4,4,1,2,5.9,7.9,5.9,0,1,2,3,18.8,105,113,97,101.85,109.61,12.5,25.26,25.73,27.69,-1.96,1410598,668.63,50946.29,-719616.37,1376.19,17202.41
137,JaMychal Green\greenja01,PF,26,MEM,5,5,156,7.5,15.7,0.479,2.3,5.2,0.438,5.2,10.5,0.5,1,1.3,0.75,2.9,6.5,9.5,1.6,1.3,1,1.6,6.9,18.3,111,106,94.2,104.562,99.852,31.2,61.23,64.02,61.14,2.88,980431,186.75,16036,339963.17,383.22,11956.48
138,Jeff Green\greenje02,SF,30,ORL,4,0,84,5.4,17.9,0.3,2.4,9.5,0.25,3,8.4,0.357,4.2,6,0.7,1.2,9,10.1,2.4,0.6,1.8,2.4,3,17.3,87,110,95.8,83.346,105.38,21,41.91,34.93,44.17,-9.24,15000000,5236.6,339617.06,-1624255.51,8710.8,182926.83
139,Blake Griffin\griffbl01,PF,27,LAC,4,4,132,9.8,23.3,0.422,0.7,2.6,0.286,9.1,20.8,0.439,8.7,11.7,0.75,4,11.7,15.7,4.7,2.2,1.1,3.6,5.8,29.2,104,88,99.8,103.792,87.824,33,68.61,71.21,60.26,10.96,20140838,3449.03,334242.04,1838331.24,7443.03,245619.98
140,Justin Hamilton\hamilju01,C,26,BRK,5,1,123,5.8,13.2,0.441,2.3,7,0.333,3.5,6.2,0.563,1.2,1.6,0.75,4.7,7,11.6,2.7,1.6,1.9,1.6,4.7,15.1,117,108,100.6,117.702,108.648,24.6,51.56,60.68,56.02,4.67,3000000,602.88,53555.94,642671.31,1487.21,36585.37
141,A.J. Hammons\hammoaj01,C,24,DAL,1,0,1,0,0,,0,0,,0,0,,0,0,,0,0,0,50.5,0,0,0,0,0,230,117,95.1,218.73,111.267,1,1.98,4.33,2.2,2.13,650000,1829.16,294854.46,305291.78,7926.83,7926.83
142,Tim Hardaway\hardati02,SG,24,ATL,4,0,75,13.5,25.7,0.525,5.8,13.5,0.429,7.7,12.2,0.632,5.1,8.3,0.615,1.3,3.2,4.5,1.9,0.6,0.6,2.6,0.6,37.9,117,104,99.7,116.649,103.688,18.75,38.95,45.43,40.38,5.05,2281605,612.48,56501.08,452008.66,1483.97,27824.45
143,James Harden\hardeja01,PG,27,HOU,5,5,184,13,26.1,0.5,4.9,12.5,0.391,8.1,13.6,0.6,12.2,14.9,0.818,1.9,7.6,9.5,16.8,1.6,0,6.2,4.6,43.2,132,112,96.1,126.852,107.632,36.8,73.68,93.46,79.3,14.16,26540100,3463.07,334681.09,1874214.11,8795.1,323659.76
144,Maurice Harkless\harklma01,SF,23,POR,5,5,148,6.4,14.1,0.455,1.6,4.5,0.357,4.8,9.6,0.5,1.3,1.6,0.8,2.6,3.5,6.1,1.6,1,1,1.6,4.5,15.7,104,113,101.1,105.144,114.243,29.6,62.35,65.55,71.22,-5.67,8988764,1672.25,126202.73,-1584545.39,3703.35,109619.07
145,Montrezl Harrell\harremo01,PF,23,HOU,2,0,31,14.5,19.3,0.75,0,0,,14.5,19.3,0.75,1.6,3.2,0.5,8.1,9.7,17.7,0,1.6,4.8,6.4,4.8,30.6,110,105,96.1,105.71,100.905,15.5,31.03,32.8,31.31,1.49,1000000,371.75,31935.48,670645.11,786.78,12195.12
146,Joe Harris\harrijo01,SG,25,BRK,5,0,111,8.6,19.8,0.435,3.9,12,0.321,4.7,7.7,0.611,0,0.4,0,0,5.6,5.6,3,2.6,0.9,3.9,4.7,21.1,92,108,100.6,92.552,108.648,22.2,46.53,43.06,50.55,-7.49,980431,277.66,19394.81,-130914.98,538.58,11956.48
147,Tobias Harris\harrito02,PF,24,DET,5,5,166,11.8,20.3,0.582,2.7,5.1,0.529,9.1,15.1,0.6,5.1,6,0.85,0.9,7.6,8.5,2.7,1.8,0.6,3.9,3.3,31.5,119,99,95.6,113.764,94.644,33.2,66.12,75.22,62.58,12.64,17200000,2788.4,274840.43,1360460.14,6317.95,209756.1
148,Andrew Harrison\harrian01,SG,22,MEM,4,2,124,3.3,11.1,0.296,0.8,4.9,0.167,2.5,6.2,0.4,4.5,6.2,0.733,1.2,1.2,2.5,5.8,2.1,0,3.3,5.8,11.9,90,108,94.2,84.78,101.736,31,60.84,51.58,61.89,-10.32,945000,223.44,15268.13,-91608.77,371.75,11524.39
149,Udonis Haslem\hasleud01,PF,36,MIA,1,0,16,0,9.4,0,0,0,,0,9.4,0,0,0,,3.1,9.4,12.5,3.1,3.1,0,0,15.7,0,42,97,95.6,40.152,92.732,16,31.87,12.8,29.55,-16.76,4000000,3812.43,135361.05,-238727.68,3048.78,48780.49
150,Spencer Hawes\hawessp01,PF,28,CHO,4,0,68,8.8,19,0.462,0,1.5,0,8.8,17.5,0.5,2.9,2.9,1,5.1,6.6,11.7,8,1.5,3.7,5.1,2.2,20.4,100,97,96.7,96.7,93.799,17,34.25,33.12,32.12,0.99,6348759,2337.84,197631.64,6390089.7,4554.35,77423.89
151,Gerald Henderson\hendege02,SG,29,PHI,4,4,99,7.4,15.7,0.469,1.5,3,0.5,5.9,12.8,0.462,2.5,3.4,0.714,0.5,4.4,4.9,2.5,1,0,1.5,2.5,18.7,102,111,98.6,100.572,109.446,24.75,50.84,51.13,55.64,-4.51,9000000,2146.55,161745.32,-1994859,4434.59,109756.1
152,John Henson\hensojo01,C,26,MIL,4,0,59,4.1,10.7,0.385,0,0,,4.1,10.7,0.385,0.8,1.7,0.5,4.1,15.7,19.8,4.1,2.5,1.7,5,11.6,9.1,76,100,98.6,74.936,98.6,14.75,30.3,22.7,29.87,-7.17,12517606,6723.4,419002.55,-1745843.95,10349.41,152653.73
153,Juan Hernangomez\hernaju01,PF,21,DEN,1,0,1,0,0,,0,0,,0,0,,0,0,,0,0,0,0,0,0,0,0,0,,109,101.4,0,110.526,1,2.11,0,2.33,-2.33,1987440,#DIV/0!,851202.43,-851202.43,24237.07,24237.07
154,Willy Hernangomez\hernawi01,C,22,NYK,3,0,22,8.9,13.3,0.667,0,0,,8.9,13.3,0.667,0,4.4,0,4.4,4.4,8.9,0,2.2,0,8.9,4.4,17.7,72,113,98.4,70.848,111.192,7.33,15.03,10.65,16.72,-6.07,1375000,1574.37,82257.19,-226708.84,2286.59,16768.29
155,Mario Hezonja\hezonma01,SF,21,ORL,4,0,61,6.6,23,0.286,2.5,9,0.273,4.1,14,0.294,1.6,2.5,0.667,1.6,6.6,8.2,3.3,1.6,0.8,4.9,1.6,17.3,70,110,95.8,67.06,105.38,15.25,30.44,20.41,32.07,-11.66,3909840,2336.08,121900.83,-335227.29,3126.62,47680.98
156,Roy Hibbert\hibbero01,C,30,CHO,2,2,36,8.3,13.8,0.6,0,0,,8.3,13.8,0.6,4.1,4.1,1,5.5,8.3,13.8,4.1,0,6.9,2.8,6.9,20.7,127,95,96.7,122.809,91.865,18,36.26,44.53,33.31,11.22,5000000,1369.2,150093.6,445590.38,3387.53,60975.61
157,Buddy Hield\hieldbu01,SG,23,NOP,5,0,98,7.7,23.7,0.327,2.4,11.1,0.217,5.3,12.6,0.423,2.4,2.4,1,1,4.3,5.3,2.4,2.4,1,4.3,3.4,20.3,73,104,101.5,74.095,105.56,19.6,41.45,30.71,43.75,-13.04,3517200,1396.73,80392.74,-269704.66,2188.4,42892.68
158,Nene Hilario\hilarne01,C,34,HOU,4,0,88,6.8,9.6,0.706,0.6,0.6,1,6.2,9.1,0.688,7.9,13.1,0.609,2.8,4.5,7.4,5.7,1.1,0.6,3.4,5.7,22.1,131,114,96.1,125.891,109.554,22,44.05,55.45,48.25,7.2,2898000,637.36,60057.23,402736.73,1606.43,35341.46
159,George Hill\hillge01,PG,30,UTA,5,5,174,12.2,22.2,0.548,3.6,8.5,0.429,8.5,13.7,0.622,4.6,5.2,0.882,0.6,3.9,4.6,7,1.5,0.6,2.1,3.9,32.5,130,104,90.8,118.04,94.432,34.8,65.83,77.71,62.16,15.54,8000000,1255.52,128690.64,514762.54,2803.48,97560.98
160,Jordan Hill\hilljo01,C,29,MIN,1,0,5,20.5,30.8,0.667,0,0,,20.5,30.8,0.667,0,0,,20.5,10.3,30.8,0,0,0,20.5,30.8,41.1,84,103,93.5,78.54,96.305,5,9.74,7.65,9.38,-1.73,3911380,6235.7,417004.55,-2260603.63,9539.95,47699.76
161,Solomon Hill\hillso01,SF,25,NOP,5,5,124,3.4,11.1,0.31,1.5,5,0.308,1.9,6.1,0.313,2.3,3.8,0.6,0.8,4.6,5.3,3.4,3.1,0,1.5,6.1,10.7,86,104,101.5,87.29,105.56,24.8,52.44,45.78,55.36,-9.58,11241218,2994.74,203066.14,-1173271,5527.74,137088.02
162,Darrun Hilliard\hillida01,SG,23,DET,1,0,2,0,0,,0,0,,0,0,,0,0,,0,0,0,25.1,0,0,25.1,0,0,40,109,95.6,38.24,104.204,2,3.98,1.52,4.15,-2.63,874060,6997.82,210576.65,-332650.06,5329.63,10659.27
163,Justin Holiday\holidju01,SG,27,NYK,4,0,75,5.9,16.3,0.36,2.6,6.5,0.4,3.3,9.8,0.333,1.3,1.3,1,0.7,6.5,7.2,3.3,1.3,1.3,2,4.6,15.6,92,112,98.4,90.528,110.208,18.75,38.44,34.8,42.36,-7.56,1015696,355.97,23977.04,-134271.4,660.62,12386.54
164,Rondae Hollis-Jefferson\holliro01,SF,22,BRK,5,5,123,1.6,8.9,0.174,0,1.9,0,1.6,7,0.222,1.2,1.6,0.75,1.6,5,6.6,4.7,1.6,0.8,3.1,3.9,4.3,61,110,100.6,61.366,110.66,24.6,51.56,31.64,57.05,-25.41,1395600,537.93,24461.24,-54912.98,691.85,17019.51
165,Richaun Holmes\holmeri01,PF,23,PHI,4,1,66,10.3,14.8,0.7,0.7,0.7,1,9.6,14,0.684,3,3,1,3,11.1,14,3.7,0,3.7,4.4,8.9,24.3,118,104,98.6,116.348,102.544,16.5,33.89,39.43,34.76,4.68,1025831,317.24,29515.21,219255.88,758.19,12510.13
166,Rodney Hood\hoodro01,SG,24,UTA,5,5,166,9.9,22.3,0.443,3.8,9.2,0.414,6.1,13.1,0.463,4.1,5.1,0.813,0.3,7,7.3,1.9,1.6,0.3,2.2,5.1,27.7,106,103,90.8,96.248,93.524,33.2,62.8,60.45,58.74,1.71,1406520,283.76,23946.4,822159.57,516.65,17152.68
167,Al Horford\horfoal01,C,30,BOS,3,3,88,8.4,15.2,0.556,1.1,3.9,0.286,7.3,11.3,0.65,2.3,3.4,0.667,0.6,8.4,9,7.9,0.6,3.9,2.3,5.1,20.3,120,107,97,116.4,103.79,29.33,59.28,69,61.52,7.47,26540100,4690.77,431375.16,3550549.35,11033.86,323659.76
168,Dwight Howard\howardw01,C,31,ATL,4,4,111,9.5,16.5,0.579,0,0,,9.5,16.5,0.579,7.8,14.7,0.529,8.7,12.1,20.8,1.7,1.3,4.3,3.5,6.5,26.9,116,93,99.7,115.652,92.721,27.75,57.64,66.66,53.44,13.22,23180275,4240.67,433734.1,1753794.41,10186.89,282686.28
169,Marcelo Huertas\huertma01,PG,33,LAL,2,0,20,4.7,16.6,0.286,0,2.4,0,4.7,14.2,0.333,0,0,,2.4,7.1,9.5,14.2,0,2.4,4.7,0,9.5,81,112,101.3,82.053,113.456,10,21.1,17.32,23.94,-6.63,1500000,1056.37,62646.32,-226335.1,1829.27,18292.68
170,Kris Humphries\humphkr01,PF,31,ATL,4,0,59,4.1,11.4,0.357,1.6,3.3,0.5,2.4,8.2,0.3,5.7,6.5,0.875,1.6,10.6,12.2,3.3,1.6,1.6,4.9,4.1,15.5,93,96,99.7,92.721,95.712,14.75,30.64,28.41,29.32,-0.92,4000000,1717.2,136410.46,-4365134.57,3307.15,48780.49
171,Serge Ibaka\ibakase01,PF,27,ORL,4,4,119,9.7,19.8,0.489,1.3,2.5,0.5,8.4,17.3,0.488,3.8,4.6,0.818,3.4,5.5,8.8,0.4,0,1.7,0.8,4.2,24.4,117,113,95.8,112.086,108.254,29.75,59.38,66.55,64.28,2.28,12250000,2244.71,190581.57,5383929.28,5021.52,149390.24
172,Andre Iguodala\iguodan01,SF,33,GSW,4,0,109,4.7,9.4,0.5,0.9,3.8,0.222,3.8,5.5,0.692,0.9,1.3,0.667,0.9,4.3,5.1,6.4,1.7,0,0.9,3.4,11.1,122,111,103.6,126.392,114.996,27.25,58.81,74.34,67.63,6.7,11131368,1826.12,164581.41,1660776.06,4981.59,135748.39
173,Ersan Ilyasova\ilyaser01,PF,29,PHI,1,0,23,10.6,25.4,0.417,4.2,12.7,0.333,6.4,12.7,0.5,4.2,4.2,1,4.2,2.1,6.4,4.2,0,0,2.1,6.4,29.6,108,114,98.6,106.488,112.404,23,47.25,50.31,53.11,-2.8,8400000,2036.11,158173.6,-3005298.45,4453.87,102439.02
174,Joe Ingles\inglejo01,SF,29,UTA,5,0,85,5,11.2,0.444,3.1,5.6,0.556,1.9,5.6,0.333,0,0,,0.6,5.6,6.2,4.4,1.9,0,2.5,5,13.1,105,104,90.8,95.34,94.432,17,32.16,30.66,30.37,0.29,2250000,894.95,74091.74,7705541.03,1614.06,27439.02
175,Brandon Ingram\ingrabr01,SF,19,LAL,5,0,85,5.6,13.4,0.417,1.1,5,0.222,4.5,8.4,0.533,1.7,2.2,0.75,0.6,6.7,7.2,2.8,0.6,0.6,2.8,3.3,13.9,92,113,101.3,93.196,114.469,17,35.88,33.44,41.07,-7.63,5281680,1926.39,128607.73,-692032.06,3788.87,64410.73
176,Kyrie Irving\irvinky01,PG,24,CLE,4,4,140,13.9,29.2,0.476,5.3,10,0.536,8.5,19.2,0.444,5,5,1,1.1,3.9,5,5.7,0.7,0.7,3.9,2.8,38.1,118,108,96.2,113.516,103.896,35,70.15,79.63,72.88,6.75,17638063,2701.33,242019.4,2613809.54,6145.67,215098.33
177,LeBron James\jamesle01,SF,32,CLE,4,4,146,9.9,19.8,0.5,1.7,6.1,0.278,8.2,13.7,0.6,6.5,10.2,0.633,3.1,9.9,13,13,0.3,0.7,5.1,3.8,28,119,104,96.2,114.478,100.048,36.5,73.15,83.74,73.19,10.56,30963450,4509.07,423071.95,2933298.87,10345.29,377603.05
178,Al Jefferson\jeffeal01,C,32,IND,4,0,51,8.4,20.6,0.409,0,0,,8.4,20.6,0.409,0.9,0.9,1,3.7,13.1,16.9,4.7,0,1.9,4.7,8.4,17.8,84,109,100.4,84.336,109.436,12.75,26.67,22.49,29.19,-6.69,10230179,5546.94,350526.1,-1528293.8,9784.96,124758.28
179,Richard Jefferson\jefferi01,SF,36,CLE,4,0,89,5,10.6,0.474,1.1,5,0.222,3.9,5.6,0.7,2.8,4.5,0.625,0.6,6.2,6.7,2.8,2.2,0,1.7,4.5,14,110,104,96.2,105.82,100.048,22.25,44.59,47.19,44.61,2.57,2500000,646.09,56036.08,971292.05,1370.24,30487.8
180,Brandon Jennings\jennibr01,PG,27,NYK,4,0,79,6.8,17.3,0.393,2.5,8.6,0.286,4.3,8.6,0.5,6.8,9.3,0.733,0.6,5.6,6.2,8.6,0.6,0,2.5,3.1,22.9,111,116,98.4,109.224,114.144,19.75,40.49,44.22,46.21,-1.99,5000000,1378.85,108192.2,-2510059.06,3087.37,60975.61
181,Jonas Jerebko\jerebjo01,PF,29,BOS,4,0,69,3.6,12.2,0.294,1.4,5,0.286,2.2,7.2,0.3,3.6,4.3,0.833,0.7,6.5,7.2,4.3,3.6,0,2.2,7.2,12.2,91,106,97,88.27,102.82,17.25,34.86,30.77,35.84,-5.07,5000000,1981.63,139499.55,-985796.82,3534.82,60975.61
182,Amir Johnson\johnsam01,PF,29,BOS,4,4,86,9.2,14.4,0.64,2.3,2.9,0.8,6.9,11.5,0.6,1.2,2.9,0.4,3.5,7.5,10.9,4,2.9,1.7,2.9,6.3,21.9,123,105,97,119.31,101.85,21.5,43.45,51.84,44.25,7.59,12000000,2823.07,271176,1581860.02,6806.58,146341.46
183,James Johnson\johnsja01,PF,29,MIA,4,0,81,3.1,13,0.238,1.2,5.6,0.222,1.9,7.4,0.25,1.9,1.9,1,0,10.5,10.5,5.6,1.2,1.2,2.5,3.1,9.3,75,99,95.6,71.7,94.644,20.25,40.33,28.92,38.17,-9.25,4000000,1686.88,104791.3,-432264.11,2408.91,48780.49
184,Joe Johnson\johnsjo02,SF,35,UTA,5,5,155,9.2,18.8,0.491,3.1,6.1,0.5,6.1,12.6,0.486,1.7,1.7,1,0.3,6.1,6.5,5.8,1.7,0,1.7,1,23.2,118,104,90.8,107.144,94.432,31,58.64,62.83,55.38,7.45,11000000,2135.03,198640.22,1475613.08,4327.3,134146.34
185,Stanley Johnson\johnsst04,SF,20,DET,5,0,91,1.1,8.8,0.125,0.6,3.3,0.167,0.6,5.5,0.1,0.6,1.1,0.5,1.7,7.2,8.8,3.9,1.1,1.1,2.2,2.8,3.3,56,101,95.6,53.536,96.556,18.2,36.25,19.41,35,-15.59,2969880,1866.34,84853.86,-190449.77,1990,36218.05
186,Tyler Johnson\johnsty01,SG,24,MIA,4,0,120,9.6,18,0.535,1.7,3.3,0.5,7.9,14.6,0.543,4.6,5,0.917,0.8,5.9,6.7,3.3,1.7,0.8,1.7,4.2,25.5,123,102,95.6,117.588,97.512,30,59.75,70.26,58.26,12,5628000,976.88,96595.77,469179.46,2287.8,68634.15
187,Wesley Johnson\johnswe01,SF,29,LAC,4,0,47,3.1,9.2,0.333,2,7.2,0.286,1,2,0.5,1,1,1,1,12.3,13.3,2,0,3.1,1,7.2,9.2,99,90,99.8,98.802,89.82,11.75,24.43,24.14,21.94,2.19,5628000,2843.46,256480.21,2564802.14,5841.2,68634.15
188,Nikola Jokic\jokicni01,PF,21,DEN,3,3,78,10.9,20.6,0.529,1.2,4.9,0.25,9.7,15.8,0.615,1.2,1.8,0.667,5.5,11.5,17,3,2.4,0.6,5.5,7.9,24.3,101,99,101.4,102.414,100.386,26,54.93,56.25,55.14,1.11,1358500,294.52,24638.62,1219611.82,637.2,16567.07
189,James Jones\jonesja02,SF,36,CLE,1,0,6,8.3,16.6,0.5,8.3,8.3,1,0,8.3,0,16.6,16.6,1,0,0,0,0,0,0,0,8.3,41.6,183,113,96.2,176.046,108.706,6,12.03,21.17,13.07,8.1,1551659,893.86,118701.9,191618.79,3153.78,18922.67
190,Terrence Jones\joneste01,PF,25,NOP,4,0,73,6.5,16.9,0.385,0.6,5.2,0.125,5.8,11.7,0.5,1.9,2.6,0.75,2.6,9.1,11.7,3.2,2.6,1.3,3.2,1.3,15.6,83,100,101.5,84.245,101.5,18.25,38.59,32.51,39.17,-6.66,1050961,394.22,26830.75,-157827.97,702.28,12816.6
191,Tyus Jones\jonesty01,PG,20,MIN,1,0,19,2.7,8.1,0.333,0,2.7,0,2.7,5.4,0.5,0,0,,0,5.4,5.4,16.2,2.7,0,2.7,2.7,5.4,108,102,93.5,100.98,95.37,19,37.01,37.37,35.3,2.08,1339680,437.15,37954.68,645229.53,859.87,16337.56
192,DeAndre Jordan\jordade01,C,28,LAC,4,4,119,6.9,12.5,0.548,0,0,,6.9,12.5,0.548,2.4,8.5,0.286,6.5,11.7,18.2,0.8,0.4,2.8,2,5.7,16.2,103,90,99.8,102.794,89.82,29.75,61.86,63.58,55.56,8.03,21165675,4059.52,380963,2637436.16,8676.23,258117.99
193,Cory Joseph\josepco01,SG,25,TOR,4,0,83,7.3,15.3,0.48,0,1.2,0,7.3,14,0.522,0,0,,1.8,3.7,5.5,6.1,3.7,0,4.3,2.4,14.6,92,102,94.8,87.216,96.696,20.75,40.98,35.74,39.63,-3.89,7330000,2500.97,184973.82,-1886732.96,4307.96,89390.24
194,Frank Kaminsky\kaminfr01,C,23,CHO,2,0,49,10.1,20.3,0.5,3,8.1,0.375,7.1,12.2,0.583,2,2,1,3,6.1,9.1,4.1,1,0,3,3,25.3,111,103,96.7,107.337,99.601,24.5,49.36,52.98,49.16,3.82,2730000,628.42,55532.55,714981.6,1358.89,33292.68
195,Enes Kanter\kanteen01,C,24,OKC,4,0,82,10.7,22.6,0.475,0,1.1,0,10.7,21.5,0.5,2.8,4.5,0.625,5.6,12.4,18.1,0,1.1,0.6,3.4,5.1,24.3,97,91,103.7,100.589,94.367,20.5,44.29,44.55,41.79,2.76,17145838,4693.57,410248.68,6222104.91,10199.78,209095.59
196,Michael Kidd-Gilchrist\kiddgmi01,SF,23,CHO,4,4,120,6.2,13.2,0.469,0,0.8,0,6.2,12.4,0.5,3.7,5.4,0.692,3.7,11.2,14.9,0.8,2.5,2.5,1.2,3.7,16.1,109,94,96.7,105.403,90.898,30,60.44,63.7,54.94,8.77,13000000,2488.69,236636.94,1482924.8,5284.55,158536.59
197,Sean Kilpatrick\kilpase01,SG,27,BRK,5,0,125,10.7,22.5,0.475,3.8,8.4,0.455,6.9,14.1,0.486,6.5,6.9,0.944,0.8,7.3,8,3.1,1.9,0.4,3.4,2.7,31.7,115,109,100.6,115.69,109.654,25,52.4,60.62,57.45,3.16,980431,197.25,17064.59,310006.68,478.26,11956.48
198,Brandon Knight\knighbr03,SG,25,PHO,5,1,151,7.1,21.1,0.338,1.6,6.2,0.25,5.6,14.9,0.375,5.6,5.9,0.947,0.9,2.8,3.7,4,0.9,0,4,3.1,21.4,88,110,102.3,90.024,112.53,30.2,64.36,57.94,72.43,-14.49,12606250,2653.21,174050.89,-870254.47,5090.55,153734.76
199,Kyle Korver\korveky01,SG,35,ATL,4,4,106,6.8,13.2,0.517,4.5,9.5,0.476,2.3,3.6,0.625,0,0,,0,4.1,4.1,4.1,1.8,0,3.2,3.2,18.2,110,101,99.7,109.67,100.697,26.5,55.04,60.37,55.43,4.94,5239437,1058.48,94529.7,1060833.34,2411.15,63895.57
200,Kosta Koufos\koufoko01,C,27,SAC,5,4,107,5.7,12.9,0.444,0,0.5,0,5.7,12.4,0.462,0,0.5,0,3.8,13.4,17.2,3.3,1.4,1.4,5.2,5.7,11.5,78,102,94,73.32,95.88,21.4,41.91,30.73,40.18,-9.45,8046500,3193.52,200252.8,-851074.41,4585.42,98128.05
201,Mindaugas Kuzminskas\kuzmimi01,SF,27,NYK,2,0,15,13,26,0.5,6.5,13,0.5,6.5,13,0.5,9.8,13,0.75,3.3,3.3,6.5,0,3.3,0,0,0,42.3,135,112,98.4,132.84,110.208,7.5,15.38,20.42,16.94,3.48,2898000,1730.38,171029.15,832837.6,4712.2,35341.46
202,Jeremy Lamb\lambje01,SG,24,CHO,3,0,41,10.9,27.9,0.391,0,7.3,0,10.9,20.6,0.529,3.6,4.8,0.75,2.4,12.1,14.5,3.6,1.2,1.2,0,6.1,25.4,97,98,96.7,93.799,94.766,13.67,27.53,25.83,26.09,-0.27,6511628,3074.89,249568.17,-24457680.6,5810.49,79410.1
203,Nicolas Laprovittola\laproni01,PG,27,SAS,4,0,27,3.8,9.5,0.4,0,5.7,0,3.8,3.8,1,5.7,5.7,1,0,7.6,7.6,11.4,0,0,3.8,7.6,13.3,111,107,93.9,104.229,100.473,6.75,13.2,13.76,13.27,0.5,543471,481.55,40963.67,1095778.22,981.88,6627.7
204,Joffrey Lauvergne\lauvejo01,C,25,OKC,3,0,32,2.9,4.3,0.667,0,1.4,0,2.9,2.9,1,1.4,2.9,0.5,4.3,7.2,11.6,7.2,2.9,0,0,4.3,7.2,165,90,103.7,171.105,93.33,10.67,23.04,39.43,21.51,17.92,1709720,528.79,79494.57,95393.49,1954.71,20850.24
205,Zach LaVine\lavinza01,SG,21,MIN,3,3,100,12.3,23.6,0.522,5.6,11.3,0.5,6.7,12.3,0.542,6.2,6.7,0.923,0,7.2,7.2,3.6,0.5,0,3.1,4.1,36.4,129,106,93.5,120.615,99.11,33.33,64.93,78.32,64.35,13.96,2240880,348.94,34821.86,160483.37,819.83,27327.8
206,Ty Lawson\lawsoty01,PG,29,SAC,5,5,165,4,11.4,0.351,1.2,4.3,0.286,2.8,7.1,0.391,1.2,1.9,0.667,1.5,4,5.6,9.6,2.8,0.3,2.2,3.4,10.5,102,106,94,95.88,99.64,33,64.63,61.96,64.39,-2.43,1315448,258.9,20428.64,-541358.9,486.12,16042.05
207,Jake Layman\laymaja01,SF,22,POR,1,0,8,35.6,47.5,0.75,29.7,41.6,0.714,5.9,5.9,1,0,0,,0,5.9,5.9,5.9,5.9,0,0,0,100.9,178,102,101.1,179.958,103.122,8,16.85,30.32,17.38,12.95,600000,241.31,34530.27,46343.26,914.63,7317.07
208,Courtney Lee\leeco01,SG,31,NYK,4,4,110,7.1,15.5,0.457,2.2,5.8,0.385,4.9,9.8,0.5,0.9,0.9,1,0.4,3.1,3.5,1.8,1.3,0.9,2.2,3.1,17.3,98,115,98.4,96.432,113.16,27.5,56.38,54.36,63.79,-9.43,11242000,2521.87,176223.61,-1192100.87,4985.37,137097.56
209,David Lee\leeda02,PF,33,SAS,5,1,82,9.4,16.2,0.577,0,0,,9.4,16.2,0.577,4.4,4.4,1,6.9,11.2,18.1,3.1,2.5,0.6,1.9,6.9,23.1,133,99,93.9,124.887,92.961,16.4,32.08,40.07,29.82,10.24,1551659,472.28,52026.82,151489.86,1153.82,18922.67
210,Alex Len\lenal01,C,23,PHO,5,0,103,7.3,18.2,0.4,0,0.5,0,7.3,17.8,0.41,7.3,9.1,0.8,4.1,7.7,11.8,2.3,1.4,3.2,1.8,8.7,21.9,106,103,102.3,108.438,105.369,20.6,43.9,47.61,46.26,1.35,4823621,1235.6,104269.84,3579931.13,2855.57,58824.65
211,Kawhi Leonard\leonaka01,SF,25,SAS,5,5,161,14.3,27.9,0.511,2.9,7,0.409,11.4,21,0.545,13.7,14.3,0.956,1,5.7,6.7,6,4.8,0.3,2.9,3.5,45.1,132,97,93.9,123.948,91.083,32.2,62.99,78.08,57.37,20.7,17638063,2754.97,307420.86,851994.96,6680.07,215098.33
212,Meyers Leonard\leoname01,PF,24,POR,4,0,57,5,15,0.333,2.5,8.3,0.3,2.5,6.7,0.375,0,0,,0.8,6.7,7.5,5.8,0,0.8,0.8,6.7,12.5,96,113,101.1,97.056,114.243,14.25,30.01,29.13,34.29,-5.16,9213484,3857.12,268701.14,-1786072.26,7884.88,112359.56
213,Jon Leuer\leuerjo01,PF,27,DET,5,0,131,6.9,14.2,0.486,1.1,3.4,0.333,5.7,10.7,0.536,0.8,0.8,1,3.1,10,13,1.1,0.8,2.3,1.1,3.8,15.7,111,98,95.6,106.116,93.688,26.2,52.18,55.37,48.89,6.49,10991957,2420.82,224839.76,1694945.86,5116.35,134048.26
214,DeAndre Liggins\liggide01,SG,28,CLE,3,0,12,8.3,12.5,0.667,0,0,,8.3,12.5,0.667,0,0,,0,12.5,12.5,12.5,0,4.2,4.2,4.2,16.6,123,100,96.2,118.326,96.2,4,8.02,9.49,7.71,1.77,1015696,1305.8,131702.75,572620.65,3096.63,12386.54
215,Damian Lillard\lillada01,PG,26,POR,5,5,184,14.5,28.9,0.5,3.4,9.3,0.361,11.1,19.6,0.566,9.8,11.4,0.864,0.8,7,7.7,5.9,1.3,0.3,4.1,4.9,42.1,116,111,101.1,117.276,112.221,36.8,77.51,90.9,86.98,3.92,24328425,3263.87,279693.34,6209192.11,8062.18,296688.11
216,Jeremy Lin\linje01,PG,28,BRK,5,5,134,9.3,20.6,0.448,2.1,6.8,0.316,7.1,13.9,0.513,6.1,7.8,0.773,0.7,6.1,6.8,11,2.5,0.7,4.3,0.7,26.7,112,108,100.6,112.672,108.648,26.8,56.17,63.29,61.03,2.26,11483254,2212.81,188170.57,5080605.36,5225.36,140039.68
217,Shaun Livingston\livinsh01,PG,31,GSW,4,0,60,5.4,9.3,0.583,0,0.8,0,5.4,8.5,0.636,1.5,2.3,0.667,0,3.9,3.9,5.4,2.3,0,4.6,4.6,12.4,90,110,103.6,93.24,113.96,15,32.38,30.19,36.89,-6.71,5782450,2336.07,156729.11,-862010.11,4701.18,70517.68
218,Kevon Looney\looneke01,PF,20,GSW,4,0,21,6.6,13.2,0.5,0,0,,6.6,13.2,0.5,4.4,6.6,0.667,6.6,8.8,15.4,6.6,0,0,4.4,13.2,17.7,109,111,103.6,112.924,114.996,5.25,11.33,12.8,13.03,-0.23,1182840,1127.32,90774.83,-5038003.1,2747.6,14424.88
219,Brook Lopez\lopezbr01,C,28,BRK,4,4,98,13.6,27.7,0.491,2.4,7.3,0.333,11.2,20.4,0.548,8.8,10.7,0.818,4.4,6.8,11.2,1,1,1,4.9,2.9,38.5,109,110,100.6,109.654,110.66,24.5,51.35,56.31,56.82,-0.52,21165675,4584.28,372493.44,-40974278.48,10535.43,258117.99
220,Robin Lopez\lopezro01,C,28,CHI,4,4,80,7.5,16.2,0.462,0,0,,7.5,16.2,0.462,5,7.5,0.667,8.1,6.9,15,3.1,0,3.7,1.9,4.4,19.9,120,103,96.3,115.56,99.189,20,40.13,46.37,39.8,6.57,13219250,3476.73,332145.41,2012410.44,8060.52,161210.37
221,Kevin Love\loveke01,PF,28,CLE,4,4,124,10.9,25.3,0.429,2,7.2,0.278,8.8,18.1,0.489,10.1,11.3,0.893,3.2,9.7,12.9,1.6,2.4,1.6,3.2,4.8,33.8,113,99,96.2,108.706,95.238,31,62.13,67.54,59.17,8.37,21165675,3821.81,357706.09,2529493.03,8326.39,258117.99
222,Kyle Lowry\lowryky01,PG,30,TOR,4,4,148,8.6,21.2,0.403,2.1,7.2,0.286,6.5,14,0.463,6.2,7.5,0.818,0.3,4.1,4.4,7.2,2.7,0,4.8,4.1,25.3,101,104,94.8,95.748,98.592,37,73.08,69.97,72.05,-2.08,12000000,2091.55,166560.01,-5774080.44,3955.17,146341.46
223,Timothe Luwawu-Cabarrot\luwawti01,SF,21,PHI,3,0,13,0,7.5,0,0,3.7,0,0,3.7,0,0,0,,0,3.7,3.7,3.7,3.7,0,3.7,0,0,17,105,98.6,16.762,103.53,4.33,8.9,1.49,9.22,-7.72,1326960,10845.77,143990.5,-171806.85,3734.41,16182.44
224,Trey Lyles\lylestr01,PF,21,UTA,5,0,106,6.5,19.9,0.325,2.5,9,0.278,4,11,0.364,1,1,1,1,9,10,3.5,0,1,3,3,16.5,80,105,90.8,72.64,95.34,21.2,40.1,29.13,38.23,-9.1,2340600,979.84,61216.93,-257111.13,1346.41,28543.9
225,Shelvin Mack\macksh01,PG,26,UTA,5,0,85,9.3,21.8,0.429,1.9,7.5,0.25,7.5,14.3,0.522,1.2,2.5,0.5,0,5,5,5.6,3.1,0,4.4,5.6,21.8,87,101,90.8,78.996,91.708,17,32.16,25.4,29.49,-4.09,2433334,1168.12,82508.93,-595243.01,1745.58,29674.8
226,Thon Maker\makerth01,PF,19,MIL,1,0,2,0,0,,0,0,,0,0,,0,0,,0,24.4,24.4,0,0,0,0,0,0,,102,98.6,0,100.572,2,4.11,0,4.13,-4.13,2568600,#DIV/0!,621661.14,-621661.14,15662.2,31324.39
227,Boban Marjanovic\marjabo01,C,28,DET,2,0,8,6.3,18.8,0.333,0,0,,6.3,18.8,0.333,0,0,,0,6.3,6.3,0,6.3,0,0,12.5,12.5,72,91,95.6,68.832,86.996,4,7.97,5.48,6.93,-1.45,7000000,15567.44,1010001.71,-4837376.61,21341.46,85365.85
228,Jarell Martin\martija01,PF,22,MEM,4,2,75,7.5,17.7,0.423,1.4,4.1,0.333,6.1,13.6,0.45,4.1,6.1,0.667,2.7,7.5,10.2,0.7,2.7,0.7,4.1,8.8,20.4,90,102,94.2,84.78,96.084,18.75,36.8,31.2,35.36,-4.16,1286160,502.78,36377.51,-309208.85,836.53,15684.88
229,Wesley Matthews\matthwe02,SG,30,DAL,4,4,153,6.6,21.1,0.313,3,12.5,0.237,3.6,8.6,0.423,4.6,5,0.933,0.7,4.3,5,3,2,0.3,1.3,5,20.8,94,110,95.1,89.394,104.61,38.25,75.78,67.75,79.28,-11.53,17100000,3078.24,215701.02,-1482944.48,5451.94,208536.59
230,Luc Mbah a Moute\mbahalu01,PF,30,LAC,4,4,77,1.2,6.9,0.182,0,2.5,0,1.2,4.4,0.286,2.5,5.6,0.444,3.1,2.5,5.6,1.2,1.9,0.6,0.6,0,5,76,95,99.8,75.848,94.81,19.25,40.02,30.36,37.95,-7.59,2203000,884.99,58055.09,-290275.46,1395.63,26865.85
231,James Michael McAdoo\mcadoja01,PF,24,GSW,1,0,9,10.3,15.4,0.667,0,0,,10.3,15.4,0.667,5.1,10.3,0.5,0,5.1,5.1,0,0,0,0,0,25.7,124,115,103.6,128.464,119.14,9,19.43,24.95,23.14,1.81,980431,479.14,42364.14,541319.59,1328.5,11956.48
232,Patrick McCaw\mccawpa01,SG,21,GSW,2,0,19,4.9,9.8,0.5,2.4,7.3,0.333,2.4,2.4,1,0,0,,0,0,0,7.3,2.4,2.4,0,2.4,12.2,141,110,103.6,146.076,113.96,9.5,20.5,29.95,23.37,6.59,543471,221.28,23258.51,82530.18,697.65,6627.7
233,Sheldon McClellan\mcclesh01,SG,24,WAS,2,0,6,24.9,33.1,0.75,8.3,16.6,0.5,16.6,16.6,1,0,0,,0,0,0,0,16.6,0,0,0,58,157,85,96.5,151.505,82.025,3,6.03,9.14,4.95,4.19,543471,725.32,109855.75,129690.82,2209.23,6627.7
234,C.J. McCollum\mccolcj01,SG,25,POR,5,5,179,9.8,22,0.446,2.7,5.3,0.5,7.2,16.7,0.429,5.3,5.6,0.952,1.3,5,6.4,3.7,2.1,1.1,3.7,4,27.6,104,109,101.1,105.144,110.199,35.8,75.4,79.28,83.09,-3.81,3219579,495.23,38746.14,-844665.94,1096.74,39263.16
235,T.J. McConnell\mccontj01,PG,24,PHI,4,0,73,3.3,10,0.333,0,3.3,0,3.3,6.7,0.5,1.3,2,0.667,0.7,4,4.7,14.7,4,0,4,6.7,8,90,104,98.6,88.74,102.544,18.25,37.49,33.27,38.44,-5.17,874636,320.62,22751.95,-169014.46,584.45,10666.29
236,Chris McCullough\mcculch01,PF,21,BRK,2,0,14,3.4,13.6,0.25,0,3.4,0,3.4,10.2,0.333,0,0,,10.2,6.8,17,0,0,0,0,0,6.8,92,114,100.6,92.552,114.684,7,14.67,13.58,16.83,-3.25,1191480,1070.12,70815.63,-366953.73,2075.75,14530.24
237,K.J. McDaniels\mcdankj01,SF,23,HOU,5,0,89,7.3,14.6,0.5,1.7,6.2,0.273,5.6,8.4,0.667,1.1,1.1,1,1.7,3.4,5.1,0.6,2.2,2.8,1.7,3.9,17.4,110,110,96.1,105.71,105.71,17.8,35.64,37.67,37.67,0,3333333,1079.06,88483.13,#DIV/0!,2283.73,40650.4
238,Doug McDermott\mcderdo01,SF,25,CHI,3,0,73,10.2,19.8,0.517,3.4,6.8,0.5,6.8,13,0.526,3.4,4.1,0.833,0,5.5,5.5,4.8,0.7,0.7,2,4.1,27.3,126,106,96.3,121.338,102.078,24.33,48.82,59.24,49.83,9.4,2483040,511.19,49827.02,264083.2,1244.42,30280.98
239,JaVale McGee\mcgeeja01,C,29,GSW,2,0,9,15.4,25.7,0.6,0,0,,15.4,25.7,0.6,0,5.1,0,0,0,0,5.1,0,0,10.3,0,30.9,74,118,103.6,76.664,122.248,4.5,9.71,7.45,11.87,-4.43,1403611,2298.85,118215.38,-317032.15,3803.82,17117.21
240,Rodney McGruder\mcgruro01,SG,25,MIA,4,0,74,2.7,9.5,0.286,2,4.7,0.429,0.7,4.7,0.143,2.7,3.4,0.8,2,2,4.1,1.4,1.4,0.7,0.7,5.4,10.2,104,106,95.6,99.424,101.336,18.5,36.85,36.63,37.34,-0.7,543471,180.92,14555.4,-771436.36,358.25,6627.7
241,Ben McLemore\mclembe01,SG,23,SAC,5,0,89,9.8,22.4,0.436,2.3,6.9,0.333,7.5,15.5,0.481,3.4,4.6,0.75,0.6,2.3,2.9,2.9,0.6,0.6,2.3,3.4,25.2,100,112,94,94,105.28,17.8,34.86,32.77,36.7,-3.93,4008882,1492.02,109237.26,-1019547.71,2746.56,48888.8
242,Jordan McRae\mcraejo01,SG,25,CLE,1,0,6,8.3,33.2,0.25,0,0,,8.3,33.2,0.25,0,0,,0,0,0,0,0,0,0,8.3,16.6,57,113,96.2,54.834,108.706,6,12.03,6.59,13.07,-6.48,874636,1617.63,66909.65,-135014.11,1777.72,10666.29
243,Salah Mejri\mejrisa01,C,30,DAL,3,0,24,8.4,8.4,1,0,0,,8.4,8.4,1,0,0,,8.4,6.3,14.7,0,0,6.3,2.1,12.6,16.8,165,104,95.1,156.915,98.904,8,15.85,24.87,15.68,9.19,874636,428.86,55793.58,95123.48,1333.29,10666.29
244,Jordan Mickey\mickejo01,PF,22,BOS,2,0,14,3.5,14.1,0.25,0,0,,3.5,14.1,0.25,3.5,7.1,0.5,3.5,3.5,7.1,3.5,0,0,3.5,0,10.6,72,117,97,69.84,113.49,7,14.15,9.88,16.05,-6.17,1223653,1510.47,76220.56,-198173.46,2131.8,14922.6
245,C.J. Miles\milescj01,SF,29,IND,4,0,76,11.9,22.6,0.528,4.4,8.2,0.538,7.5,14.5,0.522,1.9,1.9,1,1.9,3.8,5.7,1.9,2.5,1.9,1.3,5,30.2,123,109,100.4,123.492,109.436,19,39.74,49.08,43.49,5.59,4583450,1138.92,105386.8,820511.5,2941.88,55895.73
246,Patrick Mills\millspa02,PG,28,SAS,5,1,105,10.7,20.9,0.512,6.3,12.7,0.5,4.4,8.3,0.529,1.9,1.9,1,1,1,1.9,6.3,2.4,0,1.5,1.9,29.7,136,105,93.9,127.704,98.595,21,41.08,52.46,40.5,11.96,3578948,831.94,88360.23,299284.66,2078.37,43645.71
247,Paul Millsap\millspa01,PF,31,ATL,4,4,125,9.6,22.3,0.431,1.5,5,0.308,8.1,17.3,0.467,5.4,6.9,0.778,3.1,9.2,12.3,7.7,2.3,0.8,4.6,3.5,26.2,104,97,99.7,103.688,96.709,31.25,64.91,67.3,62.77,4.53,20072033,3637.01,319757.34,4430923.19,7832.99,244780.89
248,Nikola Mirotic\mirotni01,PF,25,CHI,4,0,115,7.8,17.3,0.45,3.9,11.3,0.346,3.9,6.1,0.643,4.8,6.1,0.786,1.7,10.4,12.1,3,0,2.2,3.5,2.2,24.3,114,103,96.3,109.782,99.189,28.75,57.68,63.32,57.21,6.11,5782450,1113.64,101070.75,946389.72,2452.79,70517.68
249,Greg Monroe\monrogr01,C,26,MIL,4,0,84,8.1,20.9,0.389,0,0.6,0,8.1,20.3,0.4,8.1,8.7,0.933,6.4,10.4,16.8,7,4.1,1.7,3.5,3.5,24.4,107,100,98.6,105.502,98.6,21,43.14,45.51,42.53,2.98,17100000,4582.12,402035.33,5743361.9,9930.31,208536.59
250,E'Twaun Moore\mooreet01,SG,27,NOP,5,5,142,7.3,15.3,0.478,1.7,5.7,0.294,5.7,9.7,0.586,1.7,2.3,0.714,0,2.3,2.3,3.7,1.7,1,2.3,3.7,18,98,107,101.5,99.47,108.605,28.4,60.05,59.74,65.22,-5.49,8081363,1649.82,123905.8,-1473102.34,3470.18,98553.21
251,Marcus Morris\morrima03,SF,27,DET,5,5,161,10.9,24,0.455,3.1,9,0.345,7.8,15,0.521,3.1,4.1,0.769,2.5,6.9,9.4,3.4,1.9,0,2.2,3.1,28.1,110,100,95.6,105.16,95.6,32.2,64.13,67.44,61.31,6.13,4625000,836.32,75436.46,754364.63,1751.63,56402.44
252,Markieff Morris\morrima02,PF,27,WAS,3,3,99,8,16.6,0.485,2,3.5,0.571,6,13.1,0.462,1.5,2,0.75,0.5,6.5,7,2.5,2.5,1,3,5,19.6,99,112,96.5,95.535,108.08,33,66.34,63.38,71.7,-8.32,7400000,1423.82,103201.59,-889121.35,2734.66,90243.9
253,Anthony Morrow\morroan01,SG,31,OKC,2,0,16,11.6,23.1,0.5,0,2.9,0,11.6,20.3,0.571,0,0,,0,0,0,2.9,5.8,0,0,5.8,23.1,109,87,103.7,113.033,90.219,8,17.28,19.54,15.59,3.94,3488000,2177.36,223692.26,884601.22,5317.07,42536.59
254,Timofey Mozgov\mozgoti01,C,30,LAL,4,4,88,7.5,14,0.538,0,0.5,0,7.5,13.5,0.56,3.2,3.8,0.857,5.9,7,12.9,2.2,0.5,1.6,3.8,5.4,18.3,110,111,101.3,111.43,112.443,22,46.43,51.74,52.21,-0.47,16000000,3771.49,306476.14,-34018851.58,8869.18,195121.95
255,Emmanuel Mudiay\mudiaem01,PG,20,DEN,3,3,99,7.2,21.5,0.333,1.4,4.3,0.333,5.7,17.2,0.333,7.2,8.6,0.833,0.5,9.1,9.6,5.3,1.9,0.5,6.2,4.3,22.9,85,101,101.4,86.19,102.414,33,69.71,60.09,71.4,-11.31,3241800,657.97,45406.31,-286627.35,1198,39534.15
256,Shabazz Muhammad\muhamsh01,SF,24,MIN,3,0,43,7.2,19.1,0.375,0,1.2,0,7.2,17.9,0.4,8.4,8.4,1,3.6,4.8,8.4,2.4,0,0,1.2,0,22.7,117,109,93.5,109.395,101.915,14.33,27.92,30.54,28.45,2.09,3046299,1216.31,107057.44,1458657.59,2591.86,37149.99
257,Dejounte Murray\murrade01,PG,20,SAS,2,0,10,0,10.2,0,0,5.1,0,0,5.1,0,0,10.2,0,0,10.2,10.2,5.1,0,0,5.1,5.1,0,15,106,93.9,14.085,99.534,5,9.78,1.38,9.74,-8.36,1180080,10445.91,121212,-141192.01,2878.24,14391.22
258,Jamal Murray\murraja01,SG,19,DEN,3,0,37,0,10.2,0,0,2.6,0,0,7.7,0,2.6,3.8,0.667,0,9,9,6.4,1.3,0,2.6,5.1,2.6,43,103,101.4,43.602,104.442,12.33,26.05,11.36,27.21,-15.85,3210840,3446.84,117995.73,-202559.34,3174.86,39156.59
259,Mike Muscala\muscami01,C,25,ATL,4,0,83,8.7,12.2,0.714,1.2,2.9,0.4,7.5,9.3,0.813,4.6,5.8,0.8,4.6,5.2,9.9,3.5,1.7,2.9,0.6,4.1,23.2,163,97,99.7,162.511,96.709,20.75,43.1,70.04,41.68,28.36,1015696,176.85,24368.28,35813.98,596.94,12386.54
260,Larry Nance Jr.\nancela02,PF,24,LAL,5,0,107,7.1,13.3,0.533,0.4,2.2,0.2,6.6,11.1,0.6,1.8,3.1,0.571,4,5.8,9.7,2.2,4.4,1.3,2.2,3.1,16.4,112,104,101.3,113.456,105.352,21.4,45.16,51.24,47.58,3.66,1207680,287.43,25382.07,329966.96,688.22,14727.8
261,Shabazz Napier\napiesh01,PG,25,POR,3,0,11,0,4.3,0,0,4.3,0,0,0,,0,0,,0,0,0,4.3,4.3,0,8.6,13,0,18,109,101.1,18.198,110.199,3.67,7.72,1.41,8.51,-7.11,1350120,11715.3,158640.24,-190019.63,4490.42,16464.88
262,Maurice Ndour\ndourma01,PF,24,NYK,2,0,25,5.9,7.8,0.75,0,0,,5.9,7.8,0.75,2,3.9,0.5,0,5.9,5.9,0,3.9,2,0,3.9,13.7,141,106,98.4,138.744,104.304,12.5,25.63,35.55,26.73,8.83,543471,186.42,20333.47,61581.37,530.22,6627.7
263,Jameer Nelson\nelsoja01,PG,34,DEN,3,0,57,9.1,18.3,0.5,5,10,0.5,4.2,8.3,0.5,0,0,,0.8,2.5,3.3,5,1.7,0,4.2,7.5,23.3,111,105,101.4,112.554,106.47,19,40.14,45.18,42.73,2.44,4540525,1225.69,106249.89,1859373.12,2914.33,55372.26
264,Raul Neto\netora01,PG,24,UTA,2,0,5,0,0,,0,0,,0,0,,0,0,,0,10.6,10.6,10.6,0,0,10.6,10.6,0,45,105,90.8,40.86,95.34,2.5,4.73,1.93,4.51,-2.58,937800,5918.52,207993.83,-363989.21,4574.63,11436.59
265,Georges Niang\niangge01,PF,23,IND,2,0,18,5.3,13.3,0.4,0,5.3,0,5.3,8,0.667,0,0,,2.7,5.3,8,2.7,0,0,5.3,0,10.6,69,116,100.4,69.276,116.464,9,18.83,13.04,21.92,-8.88,650000,607.83,29647.4,-73172.32,880.76,7926.83
266,Andrew Nicholson\nichoan01,PF,27,WAS,3,0,53,8.4,17.8,0.474,0.9,4.7,0.2,7.5,13.1,0.571,1.9,3.8,0.5,2.8,7.5,10.3,0,2.8,0.9,1.9,5.6,19.7,97,111,96.5,93.605,107.115,17.67,35.52,33.25,38.04,-4.8,6088993,2233.53,160049.56,-1268964.39,4203.17,74256.01
267,Joakim Noah\noahjo01,C,31,NYK,4,4,90,1.6,4.9,0.333,0,0,,1.6,4.9,0.333,1.1,4.3,0.25,4.3,11.9,16.3,11.9,0.5,1.6,3.3,7,4.3,98,110,98.4,96.432,108.24,22.5,46.13,44.48,49.93,-5.45,17000000,4660.98,340505.99,-3121304.93,9214.09,207317.07
268,Dirk Nowitzki\nowitdi01,PF,38,DAL,2,2,67,9,24.9,0.364,3,10.6,0.286,6,14.3,0.421,2.3,2.3,1,0.8,9,9.8,1.5,2.3,1.5,2.3,3,23.4,87,106,95.1,82.737,100.806,33.5,66.37,54.91,66.91,-11.99,25000000,5551.91,373653.92,-2084595.54,9100.84,304878.05
269,Jusuf Nurkic\nurkiju01,C,22,DEN,3,3,87,9.8,19.6,0.5,0,0,,9.8,19.6,0.5,6.5,10.3,0.632,6,13.6,19.6,2.7,0.5,3.8,2.2,3.8,26.1,116,98,101.4,117.624,99.372,29,61.26,72.06,60.88,11.18,1921320,325.16,31560.29,171828.23,807.96,23430.73
270,Kyle O'Quinn\oquinky01,PF,26,NYK,4,0,50,5.9,10.7,0.545,0,2,0,5.9,8.8,0.667,4.9,6.8,0.714,2.9,10.7,13.7,2.9,0,7.8,2.9,10.7,16.6,111,105,98.4,109.224,103.32,12.5,25.63,27.99,26.48,1.51,3900000,1699.3,147304.61,2577830.66,3804.88,47560.98
271,Daniel Ochefu\ochefda01,C,23,WAS,1,0,4,0,24.9,0,0,0,,0,24.9,0,0,0,,0,12.4,12.4,0,0,0,0,0,0,0,116,96.5,0,111.94,4,8.04,0,9,-9,543471,#DIV/0!,60373.31,-60373.31,1656.92,6627.7
272,Jahlil Okafor\okafoja01,C,21,PHI,3,0,55,8.9,22.1,0.4,0,0,,8.9,22.1,0.4,7.1,8,0.889,2.7,8,10.6,1.8,1.8,0.9,2.7,5.3,24.8,94,106,98.6,92.684,104.516,18.33,37.66,34.9,39.36,-4.46,4788840,1673.15,121666.34,-1074719.31,3185.48,58400.49
273,Victor Oladipo\oladivi01,SG,24,OKC,4,4,141,6.9,21,0.328,1.6,6.9,0.238,5.3,14.1,0.372,4.3,5.3,0.813,1,4.3,5.3,2.6,1,0.7,3.3,3,19.7,85,95,103.7,88.145,98.515,35.25,76.15,67.13,75.02,-7.9,6552960,1190.5,87345.09,-829778.39,2267.07,79914.15
274,Kelly Oubre\oubreke01,SF,21,WAS,3,0,44,3.4,11.3,0.3,1.1,6.8,0.167,2.3,4.5,0.5,3.4,5.6,0.6,1.1,2.3,3.4,2.3,2.3,0,3.4,3.4,11.3,76,116,96.5,73.34,111.94,14.67,29.49,21.63,33.01,-11.38,2006640,1131.61,60794.83,-176305.01,1668.49,24471.22
275,Zaza Pachulia\pachuza01,C,32,GSW,4,4,79,4.7,8.8,0.533,0,0,,4.7,8.8,0.533,3.5,4.1,0.857,4.7,12.9,17.6,4.7,0,0,4.7,2.9,12.9,105,109,103.6,108.78,112.924,19.75,42.63,46.37,48.14,-1.77,2898000,762.17,60204.16,-1640563.39,1789.44,35341.46
276,Jabari Parker\parkeja01,SF,21,MIL,4,4,123,8.7,19.8,0.44,0.4,1.6,0.25,8.3,18.2,0.457,6.3,7.5,0.842,3.2,5.5,8.7,3.2,0.4,0,2.4,2.4,24.2,106,113,98.6,104.516,111.418,30.75,63.17,66.02,70.38,-4.36,5374320,992.76,76363.77,-1232729.44,2131.4,65540.49
277,Tony Parker\parketo01,PG,34,SAS,4,4,106,3.9,11.6,0.333,1,1.9,0.5,2.9,9.6,0.3,1.9,2.4,0.8,0,3.9,3.9,7.7,0.5,0.5,2.9,5.3,10.6,91,107,93.9,85.449,100.473,26.5,51.84,44.3,52.09,-7.79,14445313,3976.82,277336.71,-1854689.24,6647.64,176162.35
278,Patrick Patterson\pattepa01,PF,27,TOR,4,0,124,3.3,9.8,0.333,1.2,5.7,0.214,2,4.1,0.5,0.8,1.6,0.5,2,6.1,8.2,3.7,1.2,2,0.4,3.7,8.6,106,104,94.8,100.488,98.592,31,61.23,61.52,60.36,1.16,6050000,1199.22,100227.04,5211806.08,2380.02,73780.49
279,Chris Paul\paulch01,PG,31,LAC,4,4,125,9.2,20.4,0.453,3.1,7.3,0.421,6.2,13.1,0.471,7.3,8.5,0.864,0.4,8.9,9.2,11.9,5,0,4.2,3.1,28.9,117,85,99.8,116.766,84.83,31.25,64.97,75.87,55.12,20.75,22868828,3675.99,414911.16,1102107.77,8924.42,278888.15
280,Elfrid Payton\paytoel01,PG,22,ORL,4,4,138,8.4,19.3,0.434,0.7,4,0.182,7.6,15.3,0.5,4,5.4,0.733,1.1,4.7,5.8,9.4,1.1,1.5,3.3,1.5,21.4,104,112,95.8,99.632,107.296,34.5,68.86,68.6,73.88,-5.28,2613600,464.6,35376.28,-495267.99,923.86,31873.17
281,Mason Plumlee\plumlma01,C,26,POR,5,5,121,7.1,14.5,0.486,0,0,,7.1,14.5,0.486,2.4,4.7,0.5,2,9,11,7.9,1.2,2,3.1,6.3,16.5,102,108,101.1,103.122,109.188,24.2,50.97,52.56,55.65,-3.09,2328530,540.25,41839.03,-753102.6,1173.42,28396.71
282,Miles Plumlee\plumlmi01,C,28,MIL,4,4,48,4.1,11.2,0.364,0,0,,4.1,11.2,0.364,4.1,6.1,0.667,2,8.1,10.1,6.1,2,2,5.1,7.1,12.2,82,106,98.6,80.852,104.516,12,24.65,19.93,25.76,-5.83,12500000,7648.71,485188.29,-2142914.94,12703.25,152439.02
283,Jakob Poeltl\poeltja01,C,21,TOR,4,0,58,3.5,10.5,0.333,0,0,,3.5,10.5,0.333,1.7,2.6,0.667,7,9.6,16.6,0,0.9,2.6,0.9,13.1,8.7,102,101,94.8,96.696,95.748,14.5,28.64,27.69,27.42,0.27,2703960,1190.81,98613.29,9959942.32,2274.15,32975.12
284,Otto Porter\porteot01,SF,23,WAS,3,3,100,10.9,17.4,0.629,0,3,0,10.9,14.4,0.759,1,1.5,0.667,4.5,7,11.4,0.5,2,0,1,3.5,22.9,126,114,96.5,121.59,110.01,33.33,67.01,81.48,73.72,7.76,5893981,882.13,79948.76,759513.24,2156.33,71877.82
285,Bobby Portis\portibo01,PF,21,CHI,3,0,22,13.6,22.7,0.6,0,0,,13.6,22.7,0.6,0,0,,15.9,9.1,24.9,2.3,0,2.3,4.5,4.5,27.2,119,104,96.3,114.597,100.152,7.33,14.71,16.86,14.73,2.13,1453680,1051.47,98655.82,684013.69,2417.43,17727.8
286,Kristaps Porzingis\porzikr01,PF,21,NYK,4,4,127,7.3,17.7,0.413,2.3,6.1,0.375,5,11.5,0.433,5.4,7.7,0.7,3.1,6.9,10,1.2,0.8,2.7,1.2,6.1,22.3,110,112,98.4,108.24,110.208,31.75,65.09,70.45,71.73,-1.28,4317720,747.4,60192.69,-3370790.73,1658.43,52655.12
287,Dwight Powell\poweldw01,PF,25,DAL,4,0,64,7.1,14.2,0.5,0.8,1.6,0.5,6.3,12.6,0.5,0.8,3.2,0.25,3.9,7.1,11,1.6,3.2,1.6,0,5.5,15.8,115,104,95.1,109.365,98.904,16,31.7,34.67,31.35,3.32,8375000,2946,267123.25,2525528.95,6383.38,102134.15
288,Norman Powell\powelno01,SG,23,TOR,3,0,19,8,16,0.5,2.7,10.7,0.25,5.3,5.3,1,0,0,,0,13.3,13.3,10.7,2.7,0,2.7,5.3,18.7,120,99,94.8,113.76,93.852,6.33,12.51,14.23,11.74,2.49,874636,749.59,74504.82,351237.01,1684.15,10666.29
289,Julius Randle\randlju01,PF,22,LAL,5,5,137,8.6,14.2,0.61,0.3,1.7,0.2,8.3,12.5,0.667,4.2,5.9,0.706,1.4,11.1,12.5,4.2,1.7,1.4,3.8,7.6,21.8,115,106,101.3,116.495,107.378,27.4,57.83,67.36,62.09,5.27,3267120,591.46,52617.6,619718.36,1454.12,39842.93
290,Zach Randolph\randoza01,PF,35,MEM,5,0,101,14.1,32.8,0.431,1,3.5,0.286,13.1,29.3,0.448,4,6.1,0.667,4,16.1,20.2,2,1.5,0,5.5,6.1,33.3,88,101,94.2,82.896,95.142,20.2,39.64,32.86,37.72,-4.85,10361445,3845.14,274717.94,-2134347.04,6255.4,126359.09
291,J.J. Redick\redicjj01,SG,32,LAC,4,4,109,7.1,18.1,0.39,2.2,7.1,0.313,4.9,11,0.44,0.4,0.9,0.5,0,4.4,4.4,0.9,1.3,0,3.1,2.2,16.8,79,95,99.8,78.842,94.81,27.25,56.66,44.67,53.72,-9.05,7377500,2014.1,137340.7,-815460.41,3301.63,89969.51
292,Willie Reed\reedwi02,PF,26,MIA,4,0,60,8.4,11.7,0.714,0,0,,8.4,11.7,0.714,2.5,3.3,0.75,6.7,5.9,12.5,0.8,0.8,0.8,0.8,5,19.2,149,104,95.6,142.444,99.424,15,29.88,42.56,29.7,12.85,1015696,291.07,34195.16,79028.81,825.77,12386.54
293,Malachi Richardson\richama01,SG,21,SAC,1,0,2,0,25.5,0,0,0,,0,25.5,0,0,0,,0,0,0,0,0,0,0,25.5,0,0,113,94,0,106.22,2,3.92,0,4.16,-4.16,1439880,#DIV/0!,346101.43,-346101.43,8779.76,17559.51
294,Austin Rivers\riverau01,SG,24,LAC,4,0,98,8.8,17.7,0.5,1,4.4,0.222,7.9,13.3,0.593,0.5,1,0.5,0,2.9,2.9,2.5,0.5,0.5,2.9,4.4,19.1,93,97,99.8,92.814,96.806,24.5,50.94,47.28,49.31,-2.03,11000000,2837.33,223066.84,-5409370.95,5475.36,134146.34
295,Andre Roberson\roberan03,SF,25,OKC,4,4,125,3,6.7,0.444,0.4,1.9,0.2,2.6,4.8,0.538,1.1,3.7,0.3,1.5,8.5,10,2.2,3.3,1.5,0.7,3.7,7.4,99,87,103.7,102.663,90.219,31.25,67.51,69.31,60.91,8.4,2183072,384.11,35841.2,259848.68,851.93,26622.83
296,Glenn Robinson\robingl02,SF,23,IND,3,0,42,5.7,15.9,0.357,0,3.4,0,5.7,12.5,0.455,3.4,3.4,1,3.4,2.3,5.7,2.3,1.1,0,2.3,0,14.8,91,115,100.4,91.364,115.46,14,29.28,26.75,33.81,-7.06,1050500,478.84,31070.2,-148878.02,915.07,12810.98
297,Thomas Robinson\robinth01,PF,25,LAL,1,0,2,0,23.7,0,0,0,,0,23.7,0,0,0,,0,0,0,0,0,0,0,23.7,0,0,118,101.3,0,119.534,2,4.22,0,5.05,-5.05,1050961,#DIV/0!,208303.68,-208303.68,6408.3,12816.6
298,Sergio Rodriguez\rodrise01,PG,30,PHI,4,4,119,8.2,18,0.455,2.9,8.2,0.35,5.3,9.8,0.542,0.4,0.4,1,0.8,5.7,6.5,12.3,0.4,0.4,4.9,1.6,19.6,100,111,98.6,98.6,109.446,29.75,61.11,60.26,66.88,-6.63,8000000,1619.11,119609.99,-1206973.51,3279.36,97560.98
299,Rajon Rondo\rondora01,PG,30,CHI,4,4,118,5.9,13.9,0.424,0.4,3,0.143,5.5,11,0.5,1.3,1.7,0.75,1.7,8,9.7,13.1,2.5,0.8,5.5,2.5,13.5,98,101,96.3,94.374,97.263,29.5,59.18,55.85,57.56,-1.71,14000000,3056.71,243205.45,-8187916.93,5787.52,170731.71
300,Derrick Rose\rosede01,PG,28,NYK,4,4,123,11.5,25.8,0.446,0.4,1.6,0.25,11.1,24.2,0.459,2.4,2.8,0.857,2,4.4,6.3,4,1.6,1.2,3.2,2,25.8,94,114,98.4,92.496,112.176,30.75,63.04,58.31,70.71,-12.41,21323250,4459.82,301546.62,-1718815.75,8456.57,260039.63
301,Terrence Ross\rosste01,SF,25,TOR,4,0,65,7.8,14.8,0.526,2.3,6.2,0.375,5.5,8.6,0.636,2.3,2.3,1,0.8,7,7.8,3.9,5.5,0,2.3,4.7,20.3,122,97,94.8,115.656,91.956,16.25,32.09,37.12,29.51,7.61,10000000,3285.47,338843.74,1314713.7,7504.69,121951.22
302,Terry Rozier\roziete01,PG,22,BOS,4,0,85,5.8,12.8,0.455,2.3,5.8,0.4,3.5,7,0.5,0.6,1.2,0.5,0,7,7,5.2,2.3,0,1.7,2.9,14.6,106,108,97,102.82,104.76,21.25,42.94,44.15,44.99,-0.83,1906440,526.55,42377.78,-2288400.22,1094.08,23249.27
303,Ricky Rubio\rubiori01,PG,26,MIN,2,2,62,2.5,7.4,0.333,0,1.7,0,2.5,5.8,0.429,2.5,5,0.5,0.8,3.3,4.1,10.8,2.5,0,2.5,5.8,7.4,103,104,93.5,96.305,97.24,31,60.39,58.15,58.72,-0.56,13550000,2841.48,230760.93,-23999136.56,5330.45,165243.9
304,Brandon Rush\rushbr01,SG,31,MIN,3,0,44,5.8,14,0.417,3.5,7,0.5,2.3,7,0.333,1.2,2.3,0.5,0,4.7,4.7,2.3,0,1.2,3.5,1.2,16.3,94,107,93.5,87.89,100.045,14.67,28.57,25.11,28.58,-3.47,3500000,1699.86,122453.4,-1007885.71,2910.2,42682.93
305,D'Angelo Russell\russeda01,PG,20,LAL,5,5,143,9.6,26.2,0.367,3.3,10.3,0.323,6.3,15.9,0.396,5,6.3,0.789,1.3,3.6,5,8,2,1,5.3,3,27.5,96,111,101.3,97.248,112.443,28.6,60.36,58.7,67.87,-9.17,5332800,1107.97,78575.77,-581460.68,2273.92,65034.15
306,Domantas Sabonis\sabondo01,PF,20,OKC,4,4,57,6.5,12.2,0.533,2.4,4.9,0.5,4.1,7.3,0.556,0,0,,0,8.1,8.1,0.8,1.6,0.8,0.8,11.4,15.4,122,90,103.7,126.514,93.33,14.25,30.79,38.95,28.73,10.22,2440200,764.05,84928.17,238860.48,2088.32,29758.54
307,Dario Saric\saricda01,PF,22,PHI,4,4,114,7.7,20.9,0.367,2.6,6.4,0.4,5.1,14.5,0.353,1.3,2.1,0.6,1.3,7.7,9,2.6,0.9,0,3,3.8,19.2,81,109,98.6,79.866,107.474,28.5,58.54,46.76,62.92,-16.16,2318280,604.66,36845.29,-143433.44,991.99,28271.71
308,Tomas Satoransky\satorto01,SG,25,WAS,3,0,16,6.2,9.3,0.667,0,0,,6.2,9.3,0.667,0,0,,3.1,6.2,9.3,9.3,3.1,0,3.1,6.2,12.4,123,112,96.5,118.695,108.08,5.33,10.72,12.73,11.59,1.14,2870813,2750.89,247727.81,2522319.53,6564.36,35009.91
309,Dennis Schroder\schrode01,PG,23,ATL,4,4,113,8.1,18.7,0.432,2.1,5.5,0.385,6,13.2,0.452,4.3,5.1,0.833,0.4,3.8,4.3,10.2,1.3,0,3.8,2.1,22.6,109,103,99.7,108.673,102.691,28.25,58.68,63.77,60.26,3.51,2708582,518.01,44950.78,771655.06,1169.26,33031.49
310,Luis Scola\scolalu01,PF,36,BRK,5,0,85,7.3,14.6,0.5,1.7,6.2,0.273,5.6,8.4,0.667,1.7,2.2,0.75,6.2,7.9,14,5.6,2.2,0,3.4,7.9,18,116,108,100.6,116.696,108.648,17,35.63,41.58,38.71,2.87,5000000,1466.54,129164.33,1743718.49,3586.8,60975.61
311,Thabo Sefolosha\sefolth01,SF,32,ATL,4,0,84,8,13.2,0.609,0.6,2.9,0.2,7.5,10.3,0.722,1.7,3.4,0.5,2.3,9.7,12,6.9,6.9,0,2.9,2.3,18.3,118,88,99.7,117.646,87.736,21,43.62,51.32,38.27,13.05,3850000,914.95,100602.71,295101.29,2235.77,46951.22
312,Kevin Seraphin\serapke01,PF,27,IND,3,0,23,12.5,16.6,0.75,0,0,,12.5,16.6,0.75,0,4.2,0,4.2,12.5,16.6,4.2,4.2,2.1,2.1,4.2,24.9,124,99,100.4,124.496,99.396,7.67,16.04,19.96,15.94,4.03,1800000,1099.52,112928.76,447197.87,2863.2,21951.22
313,Ramon Sessions\sessira01,PG,30,CHO,4,0,70,4.3,14.2,0.3,0.7,2.8,0.25,3.5,11.4,0.313,3.5,5.7,0.625,1.4,5.7,7.1,9.9,0.7,0,1.4,4.3,12.8,99,104,96.7,95.733,100.568,17.5,35.26,33.75,35.46,-1.7,6000000,2167.97,169226.41,-3519909.41,4181.18,73170.73
314,Iman Shumpert\shumpim01,SG,26,CLE,4,0,79,4.4,8.8,0.5,2.5,3.8,0.667,1.9,5.1,0.375,1.9,2.5,0.75,0.6,4.4,5.1,4.4,5.1,0.6,4.4,7.6,13.3,102,98,96.2,98.124,94.276,19.75,39.58,38.84,37.32,1.52,9700000,3045.66,259937.93,6368479.22,5989.5,118292.68
315,Pascal Siakam\siakapa01,PF,22,TOR,4,4,70,5.1,10.1,0.5,0,0,,5.1,10.1,0.5,0,0,,4.3,9.4,13.7,0,2.2,0,2.2,8,10.1,99,102,94.8,93.852,96.696,17.5,34.56,32.44,33.42,-0.98,1196040,449.66,35787.56,-1216776.92,833.48,14585.85
316,Jonathon Simmons\simmojo02,SG,27,SAS,5,1,127,6.8,17.3,0.395,1.2,4,0.3,5.6,13.3,0.424,2.8,4.4,0.636,0.8,4.4,5.2,5.2,0.4,0.8,2.4,3.6,17.7,96,106,93.9,90.144,99.534,25.4,49.69,44.79,49.46,-4.67,874636,238.13,17684.71,-187457.87,419.93,10666.29
317,Kyle Singler\singlky01,SF,28,OKC,4,0,77,3.6,10.2,0.353,0.6,6.6,0.091,3,3.6,0.833,1.2,1.2,1,0.6,4.2,4.8,0,0.6,0.6,1.8,4.2,9,78,95,103.7,80.886,98.515,19.25,41.59,33.64,40.97,-7.33,4837500,1753.74,118072.94,-659819.35,3064.62,58993.9
318,Marcus Smart\smartma01,PG,22,BOS,1,0,34,2.9,11.6,0.25,1.5,8.7,0.167,1.5,2.9,0.5,2.9,5.8,0.5,0,7.3,7.3,7.3,1.5,1.5,8.7,1.5,10.2,60,109,97,58.2,105.73,34,68.71,39.99,72.65,-32.66,3578880,1091.44,49265.11,-109589.74,1283.67,43644.88
319,Ish Smith\smithis01,PG,28,DET,5,5,153,7.9,20.7,0.381,0.3,2.6,0.125,7.5,18,0.418,1,1,1,0,3,3,12.1,1.3,0,3.3,2.6,17.1,92,104,95.6,87.952,99.424,30.6,60.95,53.6,60.59,-6.99,6000000,1365.07,99019.78,-858171.39,2391.2,73170.73
320,J.R. Smith\smithjr01,SG,31,CLE,4,4,122,6.5,18,0.364,5.3,14.7,0.361,1.2,3.3,0.375,0.8,0.8,1,1.2,3.3,4.5,2,2,0.4,0.4,3.3,19.2,116,106,96.2,111.592,101.972,30.5,61.13,68.21,62.33,5.88,12800000,2288.39,205350.31,2176713.26,5117.95,156097.56
321,Jason Smith\smithja02,C,30,WAS,2,0,14,7.1,10.7,0.667,0,0,,7.1,10.7,0.667,0,0,,3.6,14.2,17.8,7.1,0,0,17.8,10.7,14.2,60,114,96.5,57.9,110.01,7,14.07,8.15,15.48,-7.33,5000000,7483.31,322963.71,-681812.27,8710.8,60975.61
322,Tony Snell\snellto01,SF,25,MIL,3,3,80,6.1,15.8,0.385,1.8,8.5,0.214,4.3,7.3,0.583,0,0,,1.8,7.9,9.7,1.8,0.6,0,1.2,4.3,14,91,111,98.6,89.726,109.446,26.67,54.78,49.15,59.95,-10.8,2368327,587.63,39503.66,-219245.33,1083.08,28882.04
323,Marreese Speights\speigma01,C,29,LAC,4,0,62,10.1,24.1,0.419,3.1,10.9,0.286,7,13.2,0.529,8.5,11.6,0.733,3.9,7.8,11.6,1.6,0.8,0.8,1.6,7.8,31.8,114,93,99.8,113.772,92.814,15.5,32.23,36.67,29.91,6.75,1403611,466.85,46925.86,207814.54,1104.34,17117.21
324,Nik Stauskas\stausni01,SG,23,PHI,4,0,104,4.7,11.7,0.4,1.4,4.2,0.333,3.3,7.5,0.438,2.3,2.3,1,0,6.1,6.1,2.3,0,0.5,2.3,2.8,13.1,90,111,98.6,88.74,109.446,26,53.41,47.39,58.45,-11.06,2993040,770.14,51203.97,-270649.54,1403.86,36500.49
325,Lance Stephenson\stephla01,SG,26,NOP,5,0,135,7.4,14,0.525,0.4,2.1,0.167,7,11.9,0.588,1.8,2.1,0.833,1.1,5.3,6.3,7.7,0.7,0.4,3.5,5.3,16.8,102,108,101.5,103.53,109.62,27,57.09,59.11,62.59,-3.48,1227286,253.21,19609.54,-352971.73,554.33,14966.9
326,Diamond Stone\stonedi01,C,19,LAC,2,0,6,0,8,0,0,0,,0,8,0,0,0,,0,8,8,0,0,0,8,8,0,0,96,99.8,0,95.808,3,6.24,0,5.98,-5.98,543471,#DIV/0!,90941.9,-90941.9,2209.23,6627.7
327,Rodney Stuckey\stuckro01,PG,30,IND,2,0,26,5.5,12.9,0.429,1.8,3.7,0.5,3.7,9.2,0.4,1.8,5.5,0.333,0,7.4,7.4,3.7,0,0,3.7,0,14.7,83,115,100.4,83.332,115.46,13,27.19,22.66,31.4,-8.74,7000000,3767.36,222961.9,-801269.33,6566.6,85365.85
328,Walter Tavares\tavarwa01,C,24,ATL,1,0,4,12,12,1,0,0,,12,12,1,0,24.1,0,0,12,12,0,0,0,0,0,24.1,74,102,99.7,73.778,101.694,4,8.31,6.13,8.45,-2.32,1000000,1989.51,118356.13,-431154.48,3048.78,12195.12
329,Jeff Teague\teaguje01,PG,28,IND,4,4,126,4.2,19,0.22,0.4,5.7,0.067,3.8,13.3,0.286,3.8,5.7,0.667,0.8,4.9,5.7,11,3,0,4.2,3.8,12.5,74,109,100.4,74.296,109.436,31.5,65.89,48.95,72.1,-23.15,8800000,2192.3,122044.84,-380082.51,3406.89,107317.07
330,Mirza Teletovic\teletmi01,PF,31,MIL,4,1,72,6.1,17.6,0.346,2.7,10.1,0.267,3.4,7.4,0.455,1.4,1.4,1,0.7,4.1,4.7,2.7,0,0.7,0.7,3.4,16.2,95,114,98.6,93.67,112.404,18,36.98,34.63,41.56,-6.93,10500000,3697.15,252638.39,-1515830.36,7113.82,128048.78
331,Garrett Temple\templga01,SG,30,SAC,5,0,99,6.2,13.4,0.462,1,4.6,0.222,5.2,8.8,0.588,0,0,,1.5,2.6,4.1,4.6,0,2.1,2.6,4.6,13.4,97,111,94,91.18,104.34,19.8,38.78,35.36,40.46,-5.1,8000000,2759.46,197736.73,-1567769.79,4927.32,97560.98
332,Jason Terry\terryja01,SG,39,MIL,1,0,18,5.4,10.8,0.5,0,2.7,0,5.4,8.1,0.667,2.7,2.7,1,0,5.4,5.4,2.7,0,0,0,8.1,13.5,122,114,98.6,120.292,112.404,18,36.98,44.48,41.56,2.92,1551659,425.44,37334.16,532011.72,1051.26,18922.67
333,Isaiah Thomas\thomais02,PG,27,BOS,4,4,139,12.1,23.9,0.507,3.9,10,0.393,8.2,13.9,0.59,6.4,9.3,0.692,0.4,3.9,4.3,10.7,2.5,0.4,4.6,3.6,34.5,116,110,97,112.52,106.7,34.75,70.22,79.02,74.93,4.09,6587132,1016.64,87911.69,1611714.36,2311.68,80330.88
334,Lance Thomas\thomala01,PF,28,NYK,4,0,71,4.1,11.7,0.353,0.7,1.4,0.5,3.4,10.3,0.333,0,0,,0.7,6.2,6.9,0.7,1.4,0,2.7,4.1,8.9,66,114,98.4,64.944,112.176,17.75,36.39,23.63,40.82,-17.19,6191000,3194.89,151673.13,-360223.67,4253.52,75500
335,Hollis Thompson\thompho01,SG,25,PHI,4,0,82,7.7,16.6,0.464,3,5.9,0.5,4.8,10.7,0.444,1.2,2.4,0.5,1.8,9.5,11.3,1.2,1.2,1.2,0,4.8,19.6,112,106,98.6,110.432,104.516,20.5,42.11,46.5,44.01,2.49,1015696,266.36,23077.64,407705,604.22,12386.54
336,Klay Thompson\thompkl01,SG,26,GSW,4,4,143,8.8,21.4,0.409,1,9.1,0.107,7.8,12.3,0.632,3.2,3.6,0.909,0.6,3.9,4.5,3.9,0.6,0.3,1.9,3.6,21.7,95,113,103.6,98.42,117.068,35.75,77.16,75.94,90.33,-14.39,16663575,2675.94,184474.11,-1158087.45,5684.32,203214.33
337,Tristan Thompson\thomptr01,C,25,CLE,4,4,113,3.5,5.3,0.667,0,0,,3.5,5.3,0.667,0.4,1.8,0.25,6.6,10.2,16.8,2.2,0.4,1.3,0.9,4.4,7.5,144,103,96.2,138.528,99.086,28.25,56.62,78.43,56.1,22.33,15330435,2383.7,273268.7,686504.3,6617.93,186956.52
338,Marcus Thornton\thornma01,SG,29,WAS,3,0,50,8,17.9,0.444,2,5,0.4,6,12.9,0.462,3,4,0.75,2,4,6,4,0,0,1,3,20.9,113,120,96.5,109.045,115.8,16.67,33.51,36.54,38.8,-2.26,1315448,439.06,33902.39,-581183.81,962.52,16042.05
339,Anthony Tolliver\tollian01,PF,31,SAC,5,0,71,4.3,10.8,0.4,1.4,7.2,0.2,2.9,3.6,0.8,1.4,1.4,1,2.9,5.8,8.6,3.6,0,0,2.9,4.3,11.5,98,112,94,92.12,105.28,14.2,27.81,25.62,29.28,-3.66,8000000,3808.44,273255.65,-2186045.2,6870.49,97560.98
340,Karl-Anthony Towns\townska01,C,21,MIN,3,3,104,9.9,21.2,0.465,1.5,3.9,0.375,8.4,17.3,0.486,2,3.5,0.571,3,6.9,9.9,6.4,2,1.5,3,4.4,23.2,109,101,93.5,101.915,94.435,34.67,67.53,68.82,63.77,5.05,5960160,1056.14,93463.59,1179977.87,2096.68,72684.88
341,P.J. Tucker\tuckepj01,SF,31,PHO,5,0,65,2.9,7.9,0.364,0.7,3.6,0.2,2.2,4.3,0.5,0.7,1.4,0.5,0.7,10.1,10.8,0.7,3.6,0,3.6,3.6,7.2,64,101,102.3,65.472,103.323,13,27.71,18.14,28.63,-10.49,5300000,3563.11,185140.36,-505383.16,4971.86,64634.15
342,Evan Turner\turneev01,SG,28,POR,5,0,122,7,15.2,0.462,0.8,1.9,0.4,6.2,13.2,0.471,1.9,2.3,0.833,1.2,8.6,9.7,5.1,0.8,0.8,4.3,1.9,16.7,92,111,101.1,93.012,112.221,24.4,51.39,47.8,57.67,-9.87,16393443,4182.32,284247.27,-1660602.45,8193.44,199920.04
343,Myles Turner\turnemy01,C,20,IND,4,4,117,11.4,20,0.571,0.4,2,0.2,11,18,0.614,6.1,8.2,0.75,4.9,10.2,15.1,2,0.8,4.9,2,6.1,29.4,124,105,100.4,124.496,105.42,29.25,61.18,76.17,64.5,11.67,2463840,394.48,38200.68,211109.05,1027.24,30046.83
344,Beno Udrih\udrihbe01,PG,34,DET,5,0,84,10.2,22.7,0.447,0.6,1.8,0.333,9.6,20.9,0.457,3,3.6,0.833,0.6,4.2,4.8,10.8,0.6,0,4.2,4.8,23.9,100,105,95.6,95.6,100.38,16.8,33.46,31.99,33.59,-1.6,1551659,591.56,46198,-970157.96,1126.35,18922.67
345,Tyler Ulis\ulisty01,PG,21,PHO,4,0,34,4.1,12.4,0.333,0,1.4,0,4.1,11,0.375,2.8,2.8,1,1.4,2.8,4.1,11,4.1,1.4,4.1,4.1,11,89,102,102.3,91.047,104.346,8.5,18.12,16.49,18.9,-2.41,918369,679.02,48583.42,-381192.99,1317.6,11199.62
346,Jonas Valanciunas\valanjo01,C,24,TOR,4,4,127,10,19.1,0.521,0,0,,10,19.1,0.521,5.6,6.4,0.875,6,11.6,17.5,2,0,0.8,2.8,6,25.5,119,105,94.8,112.812,99.54,31.75,62.71,70.74,62.42,8.32,14382022,2479.36,230415.39,1728115.42,5524.11,175390.51
347,Denzel Valentine\valende01,SG,23,CHI,3,0,19,5.2,15.7,0.333,5.2,13.1,0.4,0,2.6,0,0,0,,0,2.6,2.6,0,0,2.6,7.9,2.6,15.7,64,107,96.3,61.632,103.041,6.33,12.71,7.83,13.09,-5.26,2092200,3258.11,159799.62,-397640.91,4028.63,25514.63
348,Anderson Varejao\varejan01,C,34,GSW,1,0,3,0,0,,0,0,,0,0,,15.4,30.9,0.5,0,0,0,0,0,0,0,46.3,15.4,123,115,103.6,127.428,119.14,3,6.48,8.25,7.71,0.54,1984005,2932.41,257184.86,3697032.32,8065.06,24195.18
349,Greivis Vasquez\vasqugr01,PG,30,BRK,3,0,39,2.4,9.8,0.25,1.2,3.7,0.333,1.2,6.1,0.2,2.4,3.7,0.667,0,2.4,2.4,6.1,1.2,1.2,1.2,7.3,8.6,94,112,100.6,94.564,112.672,13,27.25,25.76,30.7,-4.93,4347826,2057.94,141630.26,-881254.96,4078.64,53022.27
350,Rashad Vaughn\vaughra01,SG,20,MIL,4,0,74,8.6,21.1,0.406,5.3,13.2,0.4,3.3,7.9,0.417,0,0,,0,3.3,3.3,0,3.3,1.3,0.7,3.9,22.4,100,107,98.6,98.6,105.502,18.5,38,37.47,40.09,-2.62,1811040,589.43,45171.02,-690471.38,1193.83,22085.85
351,Noah Vonleh\vonleno01,PF,21,POR,4,0,46,8.3,15.5,0.533,3.1,7.2,0.429,5.2,8.3,0.625,4.1,5.2,0.8,0,6.2,6.2,0,1,1,2.1,4.1,23.8,114,111,101.1,115.254,112.221,11.5,24.22,27.92,27.18,0.73,2751360,1201.9,101219.81,3745133.04,2917.67,33553.17
352,Nikola Vucevic\vucevni01,C,26,ORL,4,4,118,11,21.2,0.52,0,0,,11,21.2,0.52,3,4.7,0.636,6.8,14.9,21.7,5.1,1.7,0.4,3,3.8,25.1,111,105,95.8,106.338,100.59,29.5,58.88,62.61,59.22,3.38,11750000,2288.7,198397.76,3471960.85,4857.38,143292.68
353,Sasha Vujacic\vujacsa01,SG,32,NYK,3,0,18,5.4,16.3,0.333,0,5.4,0,5.4,10.8,0.5,2.7,5.4,0.5,0,10.8,10.8,8.1,0,0,5.4,5.4,13.6,71,113,98.4,69.864,111.192,6,12.3,8.59,13.68,-5.08,1410598,2001.85,103139.4,-277494.11,2867.07,17202.41
354,Dwyane Wade\wadedw01,SG,35,CHI,4,4,118,8.9,21.5,0.412,2.1,5.1,0.417,6.8,16.5,0.41,6.8,7.2,0.941,1.7,4.6,6.3,6.3,3,0.8,3.4,3.4,26.6,114,101,96.3,109.782,97.263,29.5,59.18,64.97,57.56,7.41,23200000,4354.48,403026.18,3131203.4,9590.74,282926.83
355,Dion Waiters\waitedi01,SG,25,MIA,4,4,143,6.7,18.2,0.365,2.1,4.9,0.429,4.6,13.3,0.342,2.5,4.6,0.538,0.7,6,6.7,4.9,1.1,1.1,4.6,3.5,17.9,82,103,95.6,78.392,98.468,35.75,71.2,55.82,70.11,-14.29,2898000,633.17,41334.3,-202734.89,988.57,35341.46
356,Kemba Walker\walkeke02,PG,26,CHO,4,4,135,10.7,23.2,0.46,4,9.2,0.44,6.6,14,0.474,8.5,9.9,0.852,0.4,2.9,3.3,8.1,2.6,0,3.7,1.8,33.8,117,102,96.7,113.139,98.634,33.75,67.99,76.93,67.06,9.86,12000000,1902.37,178935.12,1216758.81,4336.04,146341.46
357,John Wall\walljo01,PG,26,WAS,3,3,104,11.5,25.3,0.453,0.5,3.8,0.125,11,21.5,0.511,8.6,10,0.857,1.4,3.8,5.3,16.3,3.8,1.4,9.1,4.3,32,100,110,96.5,96.5,106.15,34.67,69.69,67.26,73.98,-6.73,16957900,3074.91,229220.74,-2521428.14,5965.49,206803.66
358,Taurean Waller-Prince\princta02,SF,22,ATL,2,0,10,4.8,9.6,0.5,0,4.8,0,4.8,4.8,1,9.6,9.6,1,0,0,0,9.6,4.8,0,4.8,4.8,19.3,122,97,99.7,121.634,96.709,5,10.39,12.63,10.04,2.59,2318280,2238.07,230820.87,895584.97,5654.34,28271.71
359,T.J. Warren\warretj01,SF,23,PHO,5,5,180,11.7,23.2,0.506,0.8,2.6,0.3,10.9,20.6,0.532,5,5.7,0.864,3.1,5,8.1,1,2.3,0.5,1.3,5.2,29.2,116,106,102.3,118.668,108.438,36,76.73,91.05,83.2,7.85,2128920,285.15,25588.27,271235.68,721.18,25962.44
360,C.J. Watson\watsocj01,PG,32,ORL,2,0,16,0,6.3,0,0,0,,0,6.3,0,3.1,6.3,0.5,3.1,0,3.1,6.3,0,0,0,3.1,3.1,84,119,95.8,80.472,114.002,8,15.97,12.85,18.2,-5.35,5000000,4745.67,274690.27,-933946.92,7621.95,60975.61
361,David West\westda01,PF,36,GSW,4,0,38,7.3,17.1,0.429,0,1.2,0,7.3,15.9,0.462,1.2,2.4,0.5,3.7,8.5,12.2,3.7,2.4,2.4,6.1,6.1,15.9,77,104,103.6,79.772,107.744,9.5,20.5,16.36,22.09,-5.74,1551659,1156.88,70236.21,-270539.47,1991.86,18922.67
362,Russell Westbrook\westbru01,PG,28,OKC,4,4,148,16.6,36.3,0.457,2.5,7.8,0.32,14.1,28.5,0.495,11.6,14.4,0.804,3.1,10.3,13.4,12.5,1.9,0.3,7.5,3.8,47.2,110,90,103.7,114.07,93.33,37,79.94,91.18,74.6,16.58,26540100,3549.59,355747.65,1600864.45,8747.56,323659.76
363,Isaiah Whitehead\whiteis01,PG,21,BRK,4,0,53,5.4,15.3,0.353,0.9,2.7,0.333,4.5,12.6,0.357,0.9,1.8,0.5,1.8,6.3,8.1,7.2,0.9,0,10.8,9.9,12.6,62,112,100.6,62.372,112.672,13.25,27.77,17.32,31.29,-13.97,1074145,756.29,34330.04,-76899.29,988.63,13099.33
364,Hassan Whiteside\whiteha01,C,27,MIA,4,4,120,13.8,23,0.6,0,0,,13.8,23,0.6,5.4,10.5,0.52,5,18,23,0.8,0.8,5,4.6,5.9,33,106,90,95.6,101.336,86.04,30,59.75,60.55,51.41,9.14,22116750,4454.57,430212.47,2419945.16,8990.55,269716.46
365,Andrew Wiggins\wiggian01,SF,21,MIN,3,3,101,11.7,22.4,0.523,2,3.6,0.571,9.7,18.8,0.514,10.7,15.2,0.7,2.5,3,5.6,2,0,1,4.1,3,36.1,118,108,93.5,110.33,100.98,33.67,65.58,72.35,66.22,6.13,6006600,1012.4,90703.25,979595.11,2175.78,73251.22
366,C.J. Wilcox\wilcocj01,SG,26,ORL,3,0,25,2,12,0.167,2,10,0.2,0,2,0,0,0,,0,2,2,6,0,0,0,2,6,79,117,95.8,75.682,112.086,8.33,16.63,12.59,18.64,-6.05,1209680,1171.98,64889.75,-199792.13,1770.26,14752.2
367,Alan Williams\willial03,PF,24,PHO,1,0,4,11.7,11.7,1,0,0,,11.7,11.7,1,0,0,,0,11.7,11.7,0,0,0,23.5,0,23.5,48,108,102.3,49.104,110.484,4,8.53,4.19,9.42,-5.23,874636,2548.02,92861.05,-167149.88,2666.57,10666.29
368,Deron Williams\willide01,PG,32,DAL,4,4,140,8.7,18.4,0.471,4,7.9,0.5,4.7,10.5,0.448,1.4,2.2,0.667,0.4,1.8,2.2,8.3,0.7,0.7,4.3,4,22.7,106,114,95.1,100.806,108.414,35,69.34,69.9,75.18,-5.28,9000000,1570.13,119715.34,-1705943.65,3135.89,109756.1
369,Lou Williams\willilo02,SG,30,LAL,5,0,111,9.8,20.9,0.469,4.3,9.8,0.435,5.6,11.1,0.5,7.3,8.1,0.895,0,1.7,1.7,8.1,3,0,3.8,2.1,31.2,123,111,101.3,124.599,112.443,22.2,46.85,58.38,52.68,5.7,7000000,1462.34,132875.35,1229097.02,3845.31,85365.85
370,Marvin Williams\willima02,PF,30,CHO,4,4,123,6.1,16.1,0.375,3.2,8.9,0.364,2.8,7.3,0.389,0.8,1.6,0.5,1.2,11.7,12.9,2,1.6,1.2,0.8,4,16.1,99,97,96.7,95.733,93.799,30.75,61.95,59.31,58.11,1.2,12250000,2519.01,210817.92,10224669.11,4858.22,149390.24
371,Troy Williams\willitr02,SF,22,MEM,3,1,40,6.4,11.5,0.556,1.3,3.8,0.333,5.1,7.6,0.667,7.6,11.5,0.667,1.3,1.3,2.5,2.5,5.1,1.3,3.8,5.1,21.7,112,100,94.2,105.504,94.2,13.33,26.17,27.61,24.65,2.96,543471,240.07,22048.4,183736.66,497.08,6627.7
372,Kyle Wiltjer\wiltjky01,PF,24,HOU,2,0,5,0,30,0,0,30,0,0,0,,0,0,,0,20,20,0,0,0,10,20,0,0,108,96.1,0,103.788,2.5,5.01,0,5.19,-5.19,543471,#DIV/0!,104618.16,-104618.16,2651.08,6627.7
373,Justise Winslow\winslju01,SF,20,MIA,4,4,146,7.2,20.3,0.356,1,5.5,0.188,6.2,14.8,0.419,2.4,3.4,0.7,2.1,5.5,7.6,6.2,1.4,1,3.4,4.8,17.9,87,103,95.6,83.172,98.468,36.5,72.7,60.46,71.58,-11.12,2593440,523.09,36230.27,-233232.36,866.5,31627.32
374,Jeff Withey\witheje01,C,26,UTA,3,0,25,0,4.2,0,0,0,,0,4.2,0,8.5,8.5,1,0,8.5,8.5,0,4.2,4.2,2.1,6.3,8.5,92,91,90.8,83.536,82.628,8.33,15.76,13.17,13.03,0.14,1015696,940.62,77978.19,7096015.06,1486.38,12386.54
375,Metta World Peace\artesro01,SF,37,LAL,3,0,9,0,10.5,0,0,5.3,0,0,5.3,0,10.5,21.1,0.5,0,0,0,0,5.3,0,0,15.8,10.5,63,107,101.3,63.819,108.391,3,6.33,4.04,6.86,-2.82,1551659,4683.2,226106.79,-549850.6,6307.56,18922.67
376,James Young\youngja01,SG,21,BOS,1,0,1,0,0,,0,0,,0,0,,0,0,,0,49.5,49.5,0,0,0,0,0,0,,80,97,0,77.6,1,2.02,0,1.57,-1.57,1825200,#DIV/0!,1163906.9,-1163906.9,22258.54,22258.54
377,Joe Young\youngjo01,PG,24,IND,3,0,36,8,17.3,0.462,4,5.3,0.75,4,11.9,0.333,2.7,4,0.667,0,5.3,5.3,5.3,0,0,0,4,22.6,128,116,100.4,128.512,116.464,12,25.1,32.26,29.23,3.02,1052342,397.86,35999.09,347991.17,1069.45,12833.44
378,Nick Young\youngni01,SG,31,LAL,5,5,128,7,17.4,0.404,4.1,11.8,0.344,3,5.6,0.533,4.8,4.8,1,0,4.1,4.1,1.5,1.1,0.7,1.1,7,23,121,113,101.3,122.573,114.469,25.6,54.03,66.22,61.84,4.38,5443918,1002.52,88026.92,1243380.26,2593.33,66389.24
379,Thaddeus Young\youngth01,PF,28,IND,4,4,125,8.8,14.5,0.605,1.9,3.8,0.5,6.9,10.7,0.643,1.1,1.5,0.75,2.3,6.9,9.2,5,2.3,0.8,1.1,3.1,20.6,135,109,100.4,135.54,109.436,31.25,65.36,88.6,71.53,17.06,14153652,1948.25,197863.55,829504.9,5523.38,172605.51
380,Cody Zeller\zelleco01,PF,24,CHO,4,2,85,9.3,14.6,0.64,0,0,,9.3,14.6,0.64,7.6,12.3,0.619,2.3,7,9.3,1.8,1.2,3.5,1.8,8.8,26.3,126,98,96.7,121.842,94.766,21.25,42.81,52.16,40.57,11.59,5318313,1243.42,131092.3,458823.04,3052.12,64857.48
381,Tyler Zeller\zellety01,C,27,BOS,4,1,74,10,18.7,0.536,0,0,,10,18.7,0.536,1.3,3.3,0.4,4,7.4,11.4,3.3,0.7,3.3,1.3,7.4,21.4,111,108,97,107.67,104.76,18.5,37.39,40.25,39.16,1.09,8000000,2423.7,204264.21,7353511.45,5273.57,97560.98
382,Stephen Zimmerman\zimmest01,C,20,ORL,1,0,8,0,6.3,0,0,0,,0,6.3,0,0,0,,12.5,12.5,25.1,6.3,0,0,0,0,0,109,111,95.8,104.422,106.338,8,15.97,16.67,16.98,-0.31,950000,694.87,55952.68,-3105373.49,1448.17,11585.37
383,Paul Zipser\zipsepa01,SF,22,CHI,2,0,8,0,6.2,0,0,0,,0,6.2,0,0,0,,6.2,12.5,18.7,6.2,6.2,0,0,0,0,98,92,96.3,94.374,88.596,4,8.03,7.57,7.11,0.46,750000,1207.67,105487.77,1617479.13,2286.59,9146.34
384,Ivica Zubac\zubaciv01,C,19,LAL,1,1,19,7.5,7.5,1,0,0,,7.5,7.5,1,0,0,,2.5,5,7.5,0,2.5,0,0,10,15,203,110,101.3,205.639,111.43,19,40.1,82.46,44.68,37.78,1034956,153.07,23163.17,27397.29,664.28,12621.41
